name,tier,id,family id,author,rarity,element,attack type,attack range,attack cd,dmg min,dmg max,mana,mana regen,cost,description,required element level,required wave level,icon atlas num
Obelisk of Fortuity,1,205,205,D1000,common,iron,physical,800,1.5,62,66,0,0,30,"An ancient Obelisk. Some powers are hidden here, but something seems wrong. Maybe it just has to warm up a bit.",0,0,1
Altar of Fortuity,2,206,205,Neotopia,common,iron,physical,800,1.5,337,347,0,0,140,"A very old Altar of an ancient religion. Still imbued with the power of the gods, maybe you should wake them up.",1,8,1
Shrine of Fortuity,3,207,205,Neotopia,common,iron,physical,800,1.5,1396,1415,0,0,400,"An old Shrine of an ancient religion. Numerous humans prayed on this, leading to immense power. Maybe you should pray!",3,23,1
Dome of Fortuity,4,208,205,Neotopia,common,iron,physical,800,1.5,4934,4973,0,0,1450,"An old Dome of an ancient religion. Numerous congregations were hold in this, enchanting it with immense power. Congregate and awake the ancient powers!",8,44,1
Sanctuary of Fortuity,5,209,205,Neotopia,common,iron,physical,800,1.5,10732,10791,0,0,2450,The Sanctuary of an old religion. Uncountable prayers led to the power of this. Even more prayers needed to awake the powers!,12,59,1
Trash Heap,1,458,458,geX,common,iron,physical,1000,2.5,86,96,0,0,35,Basic Tower with an increased chance to find items and some bonus damage against bosses.,0,0,6
Spare Part Heap,2,460,458,geX,common,iron,physical,1000,2.5,398,450,0,0,165,Basic Tower with an increased chance to find items and some bonus damage against bosses.,1,10,6
Supply Heap,3,462,458,geX,common,iron,physical,1000,2.5,838,968,0,0,350,Basic Tower with an increased chance to find items and some bonus damage against bosses.,3,18,6
Weapon Heap,4,463,458,geX,common,iron,physical,1000,2.5,1908,2208,0,0,800,Basic Tower with an increased chance to find items and some bonus damage against bosses.,5,31,6
Treasure Heap,5,464,458,geX,common,iron,physical,1000,2.5,3314,3864,0,0,1400,Basic Tower with an increased chance to find items and some bonus damage against bosses.,8,44,6
Precious Treasure Heap,6,465,458,geX,common,iron,physical,1000,2.5,5216,6016,0,0,2200,Basic Tower with an increased chance to find items and some bonus damage against bosses.,11,54,6
Mossy Acid Sprayer,1,161,161,cedi,common,iron,decay,800,1,11,31,0,0,40,"Careful, corrosive.",0,0,5
Toxic Mossy Acid Sprayer,2,162,161,cedi,common,iron,decay,800,1,70,90,0,0,160,"Careful, corrosive.",1,9,5
Toxic Acid Factory,3,163,161,cedi,common,iron,decay,800,1,223,243,0,0,400,"Careful, corrosive.",3,23,5
Mutating Acid Factory,4,164,161,cedi,common,iron,decay,800,1,452,472,0,0,1000,"Careful, corrosive.",6,36,5
Infested Mutating Acid Factory,5,337,161,cedi,common,iron,decay,800,1,879,899,0,0,2000,"Careful, corrosive.",10,53,5
Wooden Trap,1,325,325,Boekie,uncommon,iron,physical,950,1.3,38,38,0,0,50,This trap is used to capture beasts but it works on other stuff too.,0,0,
Advanced Wooden Trap,2,623,325,Boekie,uncommon,iron,physical,950,1.3,141,141,0,0,200,This trap is used to capture beasts but it works on other stuff too.,1,12,
Iron Trap,3,624,325,Boekie,uncommon,iron,physical,950,1.3,441,441,0,0,650,This trap is used to capture beasts but it works on other stuff too.,4,28,
Advanced Iron Trap,4,625,325,Boekie,uncommon,iron,physical,950,1.3,942,942,0,0,1500,This trap is used to capture beasts but it works on other stuff too.,8,45,
Steel Trap,5,626,325,Boekie,uncommon,iron,physical,950,1.3,1409,1409,0,0,2500,This trap is used to capture beasts but it works on other stuff too.,12,60,
Small Pocket Rocket,1,544,544,Boekie,common,iron,physical,700,1.65,75,96,0,0,55,This tower attacks with rockets that deal splash damage and deal extra damage to mass.,0,0,3
Pocket Rocket,2,545,544,Boekie,common,iron,physical,700,1.65,249,270,0,0,170,This tower attacks with rockets that deal splash damage and deal extra damage to mass.,1,10,3
Upgraded Pocket Rocket,3,546,544,Boekie,common,iron,physical,700,1.65,711,754,0,0,485,This tower attacks with rockets that deal splash damage and deal extra damage to mass.,3,23,3
Advanced Pocket Rocket,4,547,544,Boekie,common,iron,physical,700,1.65,1863,1884,0,0,1255,This tower attacks with rockets that deal splash damage and deal extra damage to mass.,7,41,3
Ultimate Pocket Rocket,5,548,544,Boekie,common,iron,physical,700,1.65,3133,3154,0,0,2130,This tower attacks with rockets that deal splash damage and deal extra damage to mass.,11,55,3
Abandoned Pit,1,125,125,drol,common,iron,decay,700,1.85,107,118,0,0,60,Sometimes even the most fruitless places still have some treasure left.,0,0,4
Digging Hole,2,126,125,drol,common,iron,decay,700,1.85,508,542,0,0,280,Sometimes even the most fruitless places still have some treasure left.,2,15,4
Small Quarry,3,127,125,drol,common,iron,decay,700,1.85,1417,1488,0,0,775,Sometimes even the most fruitless places still have some treasure left.,5,31,4
Mining Grounds,4,128,125,drol,common,iron,decay,700,1.85,2534,2659,0,0,1400,Sometimes even the most fruitless places still have some treasure left.,8,44,4
Gold Mine,5,129,125,drol,common,iron,decay,700,1.85,4391,4693,0,0,2450,Sometimes even the most fruitless places still have some treasure left.,12,59,4
Lesser Iron Defender,1,515,515,Matac,common,iron,physical,800,1,65,65,0,0,65,Common elementar defender.,0,0,2
Small Iron Defender,2,518,515,Matac,common,iron,physical,800,1,220,220,0,0,220,Common elementar defender.,2,13,2
Medium Iron Defender,3,519,515,Matac,common,iron,physical,800,1,650,650,0,0,650,Common elementar defender.,4,28,2
Grand Iron Defender,4,516,515,Matac,common,iron,physical,800,1,1350,1350,0,0,1350,Common elementar defender.,8,43,2
Superior Iron Defender,5,517,515,Matac,common,iron,physical,800,1,2500,2500,0,0,2500,Common elementar defender.,12,60,2
Burrow,1,186,186,tolleder,uncommon,iron,physical,700,3,289,289,0,0,70,"A burrow with Peons inside, which will try to break through every armor.",0,0,
Reinforced Burrow,2,189,186,tolleder,uncommon,iron,physical,700,3,1546,1546,0,0,400,"A burrow with elite Peons inside, which will try to break through every armor.",3,20,
Fortified Burrow,3,187,186,tolleder,uncommon,iron,physical,700,3,4274,4274,0,0,1200,"A burrow with Troll Head Hunters inside, which will try to break through every armor.",7,40,
Magic Enhanced Burrow,4,188,186,tolleder,uncommon,iron,physical,700,3,8035,8035,0,0,2500,"A burrow with Troll Berserkers inside, which will break through every armor.",12,60,
Small Ray Blaster,1,305,305,i_m0ck_death,uncommon,iron,energy,800,1.4,79,98,0,0,150,Uncommon iron tower that leaves a debuff on the enemy unit that increases item drop quality and chance of an item drop.,0,0,
Ray Blaster,2,308,305,i_m0ck_death,uncommon,iron,energy,800,1.4,268,287,0,0,800,Uncommon iron tower that leaves a debuff on the enemy unit that increases item drop quality and chance of an item drop.,2,10,
Large Ray Blaster,3,309,305,i_m0ck_death,uncommon,iron,energy,800,1.4,743,762,0,0,1800,Uncommon iron tower that leaves a debuff on the enemy unit that increases item drop quality and chance of an item drop.,5,29,
Custom Ray Blaster,4,310,305,i_m0ck_death,uncommon,iron,energy,800,1.4,1377,1396,0,0,2600,Uncommon iron tower that leaves a debuff on the enemy unit that increases item drop quality and chance of an item drop.,8,43,
Ray Blaster 2.0,5,311,305,i_m0ck_death,uncommon,iron,energy,800,1.4,2370,2409,0,0,3200,Uncommon iron tower that leaves a debuff on the enemy unit that increases item drop quality and chance of an item drop.,12,62,
Sewer Connection,1,654,654,D1000,uncommon,iron,essence,800,1.2,163,163,0,0,200,A connection to the canalization. Toxic vapors are leaking out.,1,12,
Broken Pipeline,2,655,654,D1000,uncommon,iron,essence,800,1.2,489,489,0,0,600,A pipeline which transports poisonous substances. Toxic vapors and other dangerous things are leaking out at the broken spot.,4,26,
Chemical Center,3,656,654,D1000,uncommon,iron,essence,800,1.2,979,979,0,0,1200,An assembly point for a lot of pipelines. Not less leaky spots were formed during the years. Everthing is contaminated by toxic substances.,7,40,
Contaminated Hitch,4,657,654,D1000,uncommon,iron,essence,800,1.2,1794,1794,0,0,2200,An extremly inhospitable place. Stinking and toxic fluids and gases are everywhere. It seems that somewhere in the middle of the construct something is glowing....,11,56,
Militia Watchtower,1,417,417,ShyGnome,uncommon,iron,physical,850,0.7,71,71,0,0,250,"Militia guardians rain axes at the heads of the enemies. However, they are not very accurate, and afraid of undead and large creeps.",2,14,
Militia Outpost,2,418,417,ShyGnome,uncommon,iron,physical,850,0.7,213,213,0,0,750,"Militia guardians rain axes at the heads of the enemies. However, they are not very accurate, and afraid of undead and large creeps.",5,30,
Militia Forepost,3,419,417,ShyGnome,uncommon,iron,physical,850,0.7,426,426,0,0,1500,"Militia guardians rain axes at the heads of the enemies. However, they are not very accurate, and afraid of undead and large creeps.",8,45,
Militia Blockpost,4,420,417,ShyGnome,uncommon,iron,physical,850,0.7,853,853,0,0,3000,"Militia guardians rain axes at the heads of the enemies. However, they are not very accurate, and afraid of undead and large creeps.",13,66,
Rowing Boat,1,608,608,Matac,uncommon,iron,physical,900,1.7,434,434,0,0,300,A small rowing boat with two seamen.,2,16,
Frigate,2,609,608,Matac,uncommon,iron,physical,900,1.7,1345,1345,0,0,900,A small ship with less weapons.,6,34,
Battleship,3,610,608,Matac,uncommon,iron,physical,900,1.7,2342,2342,0,0,1500,A big ship for naval battles.,8,45,
Destroyer,4,611,608,Matac,uncommon,iron,physical,900,1.7,3932,3932,0,0,2400,The pride of the navy.,11,59,
Sniper,1,662,662,cedi,uncommon,iron,physical,1400,2.5,425,425,0,0,300,"A long ranged tower which is good against bosses, but weak against mass creeps.",2,16,
Skilled Sniper,2,663,662,cedi,uncommon,iron,physical,1400,2.5,1276,1276,0,0,900,"A long ranged tower which is good against bosses, but weak against mass creeps.",6,34,
Sniper Nest,3,664,662,cedi,uncommon,iron,physical,1400,2.5,2551,2551,0,0,1800,"A long ranged tower which is good against bosses, but weak against mass creeps.",9,50,
Fortified Sniper Nest,4,665,662,cedi,uncommon,iron,physical,1400,2.5,4252,4252,0,0,3000,"A long ranged tower which is good against bosses, but weak against mass creeps.",13,66,
Energy Junction,1,99,99,SirCoqalot.,uncommon,iron,energy,500,0.7,455,455,0,0,500,Support tower which only attacks air. Buffs other units attackspeed and adds some spell and normal damage.,4,23,
Energy Crossing,2,177,99,SirCoqalot.,uncommon,iron,energy,500,0.7,1182,1182,0,0,1300,Support tower which only attacks air. Buffs other units attackspeed and adds some spell and normal damage.,8,42,
Energy Magnifier,3,178,99,SirCoqalot.,uncommon,iron,energy,500,0.7,1910,1910,0,0,2100,Support tower which only attacks air. Buffs other units attackspeed and adds some spell and normal damage.,10,55,
Miner,1,622,622,drol,rare,iron,decay,1000,1.8,614,633,0,0,500,This loner has been searching for gold and treasure his entire life.,4,23,
Lonely Miner,2,687,622,drol,rare,iron,decay,1000,1.8,1717,1771,0,0,1400,This loner has been searching for gold and treasure his entire life.,8,44,
Fortunate Miner,3,688,622,drol,rare,iron,decay,1000,1.8,3304,3423,0,0,2700,This loner has been searching for gold and treasure his entire life.,12,63,
Particle Accelerator,1,400,400,the_red_terror,rare,iron,energy,900,1,426,426,0,0,600,"Gains a lot of speed and damage on each attack, while losing the bonus on kill.",4,26,
Atom Smasher,2,402,400,the_red_terror,rare,iron,energy,900,1,780,780,0,0,1200,"Gains a lot of speed and damage on each attack, while losing the bonus on kill.",7,40,
Supercollider,3,403,400,the_red_terror,rare,iron,energy,900,1,1413,1413,0,0,2400,"Gains a lot of speed and damage on each attack, while losing the bonus on kill.",11,59,
Solar Collector,1,197,197,Boekie/D1000,rare,iron,energy,800,1,468,468,0,0,850,A tower which transforms solar-energy in to pure force.,5,33,
Solar Conductor,2,198,197,Boekie/D1001,rare,iron,energy,800,1,1375,1375,0,0,2500,A tower which transforms solar-energy in to pure force.,12,60,
Rundown Iron Sentry,1,31,31,Glowackos,rare,iron,physical,925,1.4,710,710,0,0,950,A powerful iron tower that will go to great lengths to defend its territory.,6,35,
Solid Iron Sentry,2,32,31,Glowackos,rare,iron,physical,925,1.4,1195,1195,0,0,1600,A powerful iron tower that will go to great lengths to defend its territory.,9,47,
Modern Iron Sentry,3,33,31,Glowackos,rare,iron,physical,925,1.4,1942,1942,0,0,2600,A powerful iron tower that will go to great lengths to defend its territory.,12,61,
Bomb Turret,1,217,217,DaveMatthews,rare,iron,physical,900,2.6,2429,2429,0,0,950,Can fire different bombs for a great versatility.,6,35,
Grand Bomb Turret,2,218,217,DaveMatthews,rare,iron,physical,900,2.6,5113,5113,0,0,2000,Can fire different bombs for a great versatility.,10,53,
Silver Knight,1,39,39,SirCoqalot.,rare,iron,physical,875,1.35,939,1019,0,0,1200,Rare tower with a chance to turn lesser creeps into gold instantly. Gains additional gold for each kill and will do more damage the more gold you have.,7,40,
Golden Queen,2,40,39,SirCoqalot.,rare,iron,physical,875,1.35,2557,2637,0,0,3500,Rare tower with a chance to turn lesser creeps into gold instantly. Gains additional gold for each kill and will do more damage the more gold you have.,15,72,
Marine,1,201,201,Boekie,rare,iron,decay,1200,0.6,336,336,0,0,1500,A highly esteemed footsoldier with low self esteem.,8,45,
Experienced Marine,2,294,201,Boekie,rare,iron,decay,1200,0.6,560,560,0,0,2500,A highly esteemed footsoldier with moderate self esteem.,12,60,
Dwarven Forgery,1,469,469,geX,unique,iron,physical,675,2.5,4225,4825,0,0,1500,"Hidden in the mountains, the dwarven master smiths polish found items to release their true power.",8,45,
Bronze Dragon Roost,1,63,63,cedi,unique,iron,essence,800,2,1186,1190,0,0,1600,The mechanical version of the other two dragon roosts.,9,47,
Coin Machine,1,556,556,Boekie,rare,iron,physical,1200,2.5,2955,2955,0,0,1700,This machine is used to make money.,9,49,
Gold Machine,2,557,556,Boekie,rare,iron,physical,1200,2.5,4867,4867,0,0,2800,This machine is used to make money.,13,64,
Xeno Research Facility,1,158,158,Palandu,unique,iron,physical,1200,1.8,1812,1812,0,0,1984,Empowers you against the alien menace. Model credits: SirCoqaLot plus mOck and MasterCassim.,10,53,
Ball Lightning Accelerator,1,123,123,cedi,unique,iron,magic,1000,0.8,1,1,0,0,2200,"This deadly thing was invented by the dwarves to aid them in the long war against the orcs. However they never ended up using it, as it consumes far too much energy.",11,56,
Electric Death,2,124,123,cedi,unique,iron,magic,1000,0.8,1,1,0,0,4400,"This deadly thing was invented by the dwarves to aid them in the long war against the orcs. However they never ended up using it, as it consumes far too much energy.The second generation can be the end of the world...",15,80,
Goblin Stronghold,1,373,373,cedi,unique,iron,physical,800,0.8,897,906,0,0,2500,"You should always consider goblin-made items to be a nuclear weapon with a faulty trigger, you just might live to see another day.",12,60,
Gatling Gun,1,141,141,Boekie,unique,iron,physical,1000,1,795,795,0,0,2750,A very powerful gun created by the dwarves. It has a chance to fire a burst of projectiles.,13,63,
Valor,1,262,262,cedi,unique,iron,,,,,,0,0,3000,A truly inspiring sight.,13,66,
Nuclear Missile Launcher,1,596,596,Matac,unique,iron,essence,2400,10,17777,17778,0,0,3400,Pure manmade destruction.,14,71,
Grab-o-Bot,1,34,34,cedi,unique,iron,decay,2400,0.4,659,659,0,0,3500,"When you think it looks very fragile, you're right. But its also a devastating machine.",15,72,
Glaive Master,1,435,435,Ashbringer,unique,iron,physical,2400,1.4,1855,1855,0,0,3600,"Eviscerate them all, make them bleed.",15,73,
The Steam Engine,1,391,391,Glowackos/cedi,unique,iron,,,,,,0,0,4000,One of the greatest inventions of the dwarves.,15,77,
Tiny Shrub,1,1,1,gex,common,nature,physical,800,0.9,26,26,0,0,30,Basic nature tower with a slightly increased chance to critical strike.,1,1,1
Shrub,2,439,1,gex,common,nature,physical,840,0.9,113,113,0,0,140,Common nature tower with an increased critical strike chance and damage.,1,8,1
Greater Shrub,3,459,1,gex,common,nature,physical,880,0.9,299,299,0,0,400,Common nature tower with an increased critical strike chance and damage.,3,20,1
Shrubfield,4,511,1,gex,common,nature,physical,920,0.9,552,552,0,0,800,Common nature tower with an increased critical strike chance and damage.,5,31,1
Greater Shrubfield,5,542,1,gex,common,nature,physical,960,0.9,901,901,0,0,1400,Common nature tower with an increased critical strike chance and damage.,8,44,1
Xtreme Shrubfield,6,565,1,gex,common,nature,physical,1000,0.9,1360,1360,0,0,2300,Common nature tower with an increased critical strike chance and damage.,11,57,1
Small Cactus,1,41,41,Lapsus,common,nature,essence,820,2.5,58,58,0,0,30,A tiny desert plant with a high AoE. Slightly more efficient against mass creeps and humans.,1,1,3
Budding Cactus,2,52,41,Lapsus,common,nature,essence,820,2.5,287,287,0,0,150,A prickly desert plant with a high AoE. Slightly more efficient against mass creeps and humans.,1,9,3
Average Cactus,3,42,41,Lapsus,common,nature,essence,820,2.5,719,719,0,0,380,A pricklier desert plant with a high AoE. Moderately more efficient against mass creeps and humans.,3,19,3
Grown Cactus,4,43,41,Lapsus,common,nature,essence,820,2.5,1422,1422,0,0,760,A troublesome desert plant with a high AoE. Moderately more efficient against mass creeps and humans.,5,30,3
Blooming Cactus,5,44,41,Lapsus,common,nature,essence,820,2.5,2496,2496,0,0,1350,A troublesome desert plant with a high AoE. Efficient against mass creeps and humans.,8,43,3
Fully-Flowered Cactus,6,45,41,Lapsus,common,nature,essence,820,2.5,4063,4063,0,0,2250,A lethal desert plant with a high AoE. Very efficient against mass creeps and humans.,11,57,3
Lesser Dark Defender,1,487,487,Natac,common,darkness,decay,825,1.1,68,76,0,0,65,Common elementar defender.,1,1,2
Small Dark Defender,2,488,487,Natac,common,darkness,decay,825,1.1,228,257,0,0,220,Common elementar defender.,2,13,2
Medium Dark Defender,3,490,487,Natac,common,darkness,decay,825,1.1,672,759,0,0,650,Common elementar defender.,4,28,2
Grand Dark Defender,4,492,487,Natac,common,darkness,decay,825,1.1,1395,1577,0,0,1350,Common elementar defender.,8,43,2
Superior Dark Defender,5,491,487,Natac,common,darkness,decay,825,1.1,2584,2921,0,0,2500,Common elementar defender.,12,60,2
Frost Root,1,150,150,drol,common,ice,energy,750,0.75,17,21,0,0,30,Can still grow even in the coldest places.,1,1,1
Ice Weed,2,151,150,drol,common,ice,energy,750,0.75,48,67,0,0,100,Can still grow even in the coldest places.,1,5,1
Frozen Vines,3,152,150,drol,common,ice,energy,750,0.75,146,195,0,0,300,Can still grow even in the coldest places.,2,16,1
Crystalized Tendrils,4,153,150,drol,common,ice,energy,750,0.75,291,390,0,0,600,Can still grow even in the coldest places.,4,26,1
Glacial Creeper,5,154,150,drol,common,ice,energy,750,0.75,592,766,0,0,1200,Can still grow even in the coldest places.,7,40,1
Polar Ivy,6,155,150,drol,common,ice,energy,750,0.75,1020,1244,0,0,2000,Can still grow even in the coldest places.,10,53,1
Snowy Pebble,1,449,449,geX,common,ice,elemental,700,0.9,22,24,0,0,30,Basic tower with a high AoE splash attack with low splash damage. Deals bonus damage to mass creeps.,0,0,4
Snowy Stone,2,454,449,geX,common,ice,elemental,720,0.9,96,121,0,0,140,Basic tower with a high AoE splash attack with low splash damage. Deals bonus damage to mass creeps.,1,8,4
Snowy Rock,3,455,449,geX,common,ice,elemental,740,0.9,242,302,0,0,360,Basic tower with a high AoE splash attack with low splash damage. Deals bonus damage to mass creeps.,3,19,4
Snowy Rock Formation,4,456,449,geX,common,ice,elemental,760,0.9,481,601,0,0,730,Basic tower with a high AoE splash attack with low splash damage. Deals bonus damage to mass creeps.,5,30,4
Snowy Cliff,5,452,449,geX,common,ice,elemental,780,0.9,850,1040,0,0,1300,Basic tower with a high AoE splash attack with low splash damage. Deals bonus damage to mass creeps.,8,42,4
Snowy Peak,6,457,449,geX,common,ice,elemental,800,0.9,1471,1671,0,0,2200,Basic tower with a high AoE splash attack with low splash damage. Deals bonus damage to mass creeps.,11,56,4
Icy Skulls,1,442,442,MasterCassim,common,ice,elemental,700,1.5,53,58,0,0,35,Chills creeps to the bone.,0,0,5
Icy Bones,2,425,442,MasterCassim,common,ice,elemental,700,1.5,589,594,0,0,375,Chills creeps to the bone.,3,19,5
Icy Skeleton,3,441,442,MasterCassim,common,ice,elemental,700,1.5,1967,1972,0,0,1250,Chills creeps to the bone.,7,41,5
Icy Boneyard,4,443,442,MasterCassim,common,ice,elemental,700,1.5,3503,3508,0,0,2225,Chills creeps to the bone.,11,56,5
Abominable Snowman,1,566,566,drol,common,ice,energy,900,1.5,45,48,0,0,52,"Trained in surviving even the coldest winters, this creature has strengths unimagineable.",0,0,3
Greater Abominable Snowman,2,567,566,drol,common,ice,energy,900,1.5,220,236,0,0,240,"Trained in surviving even the coldest winters, this creature has strengths unimagineable.",2,13,3
Large Abominable Snowman,3,568,566,drol,common,ice,energy,900,1.5,650,689,0,0,693,"Trained in surviving even the coldest winters, this creature has strengths unimagineable.",4,28,3
Major Abominable Snowman,4,589,566,drol,common,ice,energy,900,1.5,1100,1148,0,0,1152,"Trained in surviving even the coldest winters, this creature has strengths unimagineable.",7,38,3
Collosal Abominable Snowman,5,588,566,drol,common,ice,energy,900,1.5,2200,2259,0,0,2263,"Trained in surviving even the coldest winters, this creature has strengths unimagineable.",11,56,3
Lesser Ice Defender,1,507,507,Natac,common,ice,elemental,900,1.4,88,94,0,0,65,Common elementar defender.,0,0,2
Small Ice Defender,2,508,507,Natac,common,ice,elemental,900,1.4,296,318,0,0,220,Common elementar defender.,2,13,2
Medium Ice Defender,3,504,507,Natac,common,ice,elemental,900,1.4,875,940,0,0,650,Common elementar defender.,4,28,2
Grand Ice Defender,4,505,507,Natac,common,ice,elemental,900,1.4,1817,1952,0,0,1350,Common elementar defender.,8,43,2
Superior Ice Defender,5,506,507,Natac,common,ice,elemental,900,1.4,3363,3613,0,0,2500,Common elementar defender.,12,60,2
Magnataur Warrior,1,235,235,drol/im0ckdeath,uncommon,ice,elemental,900,1.7,110,121,0,0,70,"Roaming on the Frozen Wastes, the Magnataur seeks new challenges to beat.",0,0,
Magnataur Hunter,2,236,235,drol/im0ckdeath,uncommon,ice,elemental,900,1.7,481,492,0,0,300,"Roaming on the Frozen Wastes, the Magnataur seeks new challenges to beat.",2,16,
Magnataur Destroyer,3,237,235,drol/im0ckdeath,uncommon,ice,elemental,900,1.7,1111,1122,0,0,700,"Roaming on the Frozen Wastes, the Magnataur seeks new challenges to beat.",5,29,
Magnataur Spirit Hunter,4,238,235,drol/im0ckdeath,uncommon,ice,elemental,900,1.7,2501,2512,0,0,1600,"Roaming on the Frozen Wastes, the Magnataur seeks new challenges to beat.",9,47,
Magnataur Celestial Hunter,5,239,235,drol/im0ckdeath,uncommon,ice,elemental,900,1.7,4304,4315,0,0,2800,"Roaming on the Frozen Wastes, the Magnataur seeks new challenges to beat.",13,64,
Small Frozen Mushroom,1,591,591,BetrayedKnight,common,ice,elemental,950,1.1,57,62,0,0,70,A colony of mushrooms able to chill living flesh. Deals bonus damage to humanoids orcs and nature but is weak against undead.,0,0,
Frozen Mushroom,2,592,591,BetrayedKnight,common,ice,elemental,950,1.1,201,212,0,0,245,A colony of mushrooms able to chill living flesh. Deals bonus damage to humanoids orcs and nature but is weak against undead.,2,14,
Deep Frozen Mushroom,3,593,591,BetrayedKnight,common,ice,elemental,950,1.1,563,580,0,0,680,A colony of mushrooms able to chill living flesh. Deals bonus damage to humanoids orcs and nature but is weak against undead.,5,28,
Utterly Frozen Mushroom,4,594,591,BetrayedKnight,common,ice,elemental,950,1.1,1177,1200,0,0,1450,A colony of mushrooms able to chill living flesh. Deals bonus damage to humanoids orcs and nature but is weak against undead.,8,44,
Devastatingly Frozen Mushroom,5,595,591,BetrayedKnight,common,ice,elemental,950,1.1,1878,1925,0,0,2350,"Gex would release new versions of YouTD every day if you threatened him with this. Deals bonus damage to orcs humanoids and nature, deals lesser damage to undead. Brrr!",11,58,
Cold Troll,1,476,476,cedi,uncommon,ice,elemental,900,1.5,71,71,0,0,90,"With his 15 years he is really young, but 15 years in the ice hell of Northrend is something to show.",0,3,
Really Cold Troll,2,477,476,cedi,uncommon,ice,elemental,900,1.5,397,397,0,0,600,"Now, he reached the next level...",4,26,
Frozen Troll,3,478,476,cedi,uncommon,ice,elemental,900,1.5,738,738,0,0,1200,His father said to him: Stay cool.,7,40,
Totally Frozen Troll,4,479,476,cedi,uncommon,ice,elemental,900,1.5,1362,1362,0,0,2400,His father said to him: Stay cool. And he did.,11,57,
Frosty Rock,1,684,684,SirCoqalot.,uncommon,ice,energy,760,2.3,237,237,0,0,100,Iced formation radiating blistering cold.,0,0,
Frozen Rock,2,685,684,SirCoqalot.,uncommon,ice,energy,760,2.3,1156,1156,0,0,520,"Uncommon tower, which will slow the creeps it attacks. Each attack will increase the chance to stun a target.",4,24,
Glacier Tongue,3,686,684,SirCoqalot.,uncommon,ice,energy,760,2.3,2698,2698,0,0,1300,Iced formation radiating blistering cold.,8,42,
Glacier,4,330,684,SirCoqalot.,uncommon,ice,energy,760,2.3,4144,4144,0,0,2150,Iced formation radiating blistering cold.,12,60,
Small Ice Mine,1,28,28,Velex,uncommon,ice,elemental,700,2,280,281,0,0,150,Tower with a chance to cast an ice nova.,1,9,
Ice Mine,2,29,28,Velex,uncommon,ice,elemental,700,2,921,922,0,0,500,Tower with a chance to cast an ice nova.,4,26,
Deep Ice Mine,3,30,28,Velex,uncommon,ice,elemental,700,2,2269,2270,0,0,1250,Tower with a chance to cast an ice nova.,7,41,
Bottomless Ice Mine,4,58,28,Velex,uncommon,ice,elemental,700,2,4472,4473,0,0,2500,Tower with a chance to cast an ice nova.,12,60,
Tundra Stalker,1,98,98,drol,uncommon,ice,magic,850,1.3,136,155,0,0,175,These giant creatures wander the dry tundras of the world.,1,10,
Northern Stalker,2,103,98,drol,uncommon,ice,magic,850,1.3,271,310,0,0,350,These giant creatures wander the dry tundras of the world.,3,18,
Snow Stalker,3,104,98,drol,uncommon,ice,magic,850,1.3,541,620,0,0,700,These giant creatures wander the dry tundras of the world.,5,29,
Polar Stalker,4,105,98,drol,uncommon,ice,magic,850,1.3,1080,1239,0,0,1400,These giant creatures wander the dry tundras of the world.,8,44,
Arctic Stalker,5,106,98,drol,uncommon,ice,magic,850,1.3,1620,1859,0,0,2100,These giant creatures wander the dry tundras of the world.,10,55,
Cold Obelisk,1,539,539,Boekie,uncommon,ice,elemental,600,2.1,681,681,0,0,400,"A frightfully blue column of solid ice, worshipped by cold blooded folk.",3,20,
Icy Obelisk,2,540,539,Boekie,uncommon,ice,elemental,600,2.1,1989,1989,0,0,1200,"A frightfully blue column of solid ice, worshipped by cold blooded folk.",7,40,
Frozen Obelisk,3,541,539,Boekie,uncommon,ice,elemental,600,2.1,4445,4445,0,0,2750,"A frightfully blue column of solid ice, worshipped by cold blooded folk.",13,63,
Ice Battery,1,320,320,tolleder,rare,ice,elemental,800,3,822,822,0,0,500,A rare tower which can store ice for later use.,4,23,
Ice Storage,2,321,320,tolleder,rare,ice,elemental,800,3,1972,1973,0,0,1200,A rare tower which can store ice for later use.,7,40,
Ice Accumulator,3,322,320,tolleder,rare,ice,elemental,800,3,4933,4933,0,0,3000,A rare tower which can store ice for later use.,13,66,
Icy Spirit,1,644,644,Boekie,rare,ice,energy,950,2,169,169,0,0,500,An icy spirit that lives in the north. It can invoke an ice nova.,4,23,
Chilled Spirit,2,646,644,Boekie,rare,ice,energy,950,2,439,439,0,0,1300,An icy spirit that lives in the north. It can invoke an ice nova.,8,42,
Frozen Spirit,3,647,644,Boekie,rare,ice,energy,950,2,1013,1013,0,0,3000,An icy spirit that lives in the north. It can invoke an ice nova.,13,66,
Baby Tuskar,1,142,142,Palandu,uncommon,ice,elemental,900,1.9,1008,1008,0,0,535,Loves to brain unsuspecting units with his snowballs.,4,24,
Teenage Tuskar,2,143,142,Palandu,uncommon,ice,elemental,900,1.9,2403,2403,0,0,1350,Even more of a menace than the child.,8,43,
Fully Grown Tuskar,3,144,142,Palandu,uncommon,ice,elemental,900,1.9,4918,4918,0,0,2900,Still uses childish tactics.,13,65,
Polar Bear Cub,1,683,683,SirCoqalot.,uncommon,ice,elemental,900,1.3,503,603,0,0,600,Fast tower that is focused on dealing damage while cooling itself down.,8,44,
Polar Bear,2,9,683,SirCoqalot.,uncommon,ice,elemental,900,1.3,1108,1208,0,0,1400,Fast tower that is focused on dealing damage while cooling itself down.,11,54,
Elder Polar Bear,3,10,683,SirCoqalot.,uncommon,ice,elemental,900,1.3,2127,2227,0,0,2950,Fast tower that is focused on dealing damage while cooling itself down.,13,66,
Igloo,1,77,77,Boekie,rare,ice,energy,1000,2.5,696,696,0,0,700,"This igloo emits an extreme amount of cold, slowing and stunning creeps around it.",5,29,
Frozen Igloo,2,78,77,Boekie,rare,ice,energy,1000,2.5,1492,1492,0,0,1500,"This igloo emits an extreme amount of cold, slowing and stunning creeps around it.",8,45,
Deep Frozen Igloo,3,79,77,Boekie,rare,ice,energy,1000,2.5,2785,2785,0,0,2800,"This igloo emits an extreme amount of cold, slowing and stunning creeps around it.",13,64,
Chilled Spire,1,304,304,SirCoqalot.,rare,ice,elemental,1100,1.4,801,801,0,0,800,"Advanced frost tower that will freeze attacked creeps, stunning them and reducing their health regeneration.",5,31,
Icy Spires,2,323,304,SirCoqalot.,rare,ice,elemental,1100,1.4,2402,2402,0,0,2400,"Advanced frost tower that will freeze attacked creeps, stunning them and reducing their health regeneration.",11,59,
Young Northern Troll,1,249,249,DaveMatthews,rare,ice,elemental,800,2,1933,1933,0,0,900,"Wanders in the cold northern lands, looking for preys.",6,34,
Adult Northern Troll,2,250,249,DaveMatthews,rare,ice,elemental,800,2,3697,3697,0,0,1900,"Wanders in the cold northern lands, looking for preys.",10,52,
Elder Northern Troll,3,251,249,DaveMatthews,rare,ice,elemental,800,2,5459,5459,0,0,3000,"Wanders in the cold northern lands, looking for preys.",13,66,
Sea Turtle,1,282,282,i_m0ck_death,rare,ice,energy,900,0.8,1,1,0,0,1000,Become one with water. Become a turtle.,6,36,
Freezing Sea Turtle,2,283,282,i_m0ck_death,rare,ice,energy,900,0.8,1,1,0,0,2000,Become one with water. Become a turtle.,10,53,
Glacial Sea Turtle,3,284,282,i_m0ck_death,rare,ice,energy,900,0.8,1,1,0,0,3000,Become one with water. Become a turtle.,13,66,
Icy Core,1,562,562,geX,rare,ice,elemental,1000,1.5,974,1138,0,0,1000,Aura Tower with a frost slow aura,6,36,
Icy Flower,2,543,562,geX,rare,ice,elemental,1000,1.5,3275,3769,0,0,3000,Superior Aura Tower with a strong frost slow aura,13,66,
Frozen Well,1,100,100,Boekie,unique,ice,energy,925,2,1261,1261,0,0,1600,This frozen well emits an enormous amount of cold.,9,47,
Lich King,1,649,649,Natac,unique,ice,elemental,800,1.4,2197,2296,0,0,2500,The frozen king of all ice and snow.,12,60,
The Frozen Wyrm,1,444,444,MasterCassim,unique,ice,elemental,850,2.75,4921,4930,0,0,2600,Unique frost tower with strong slowing abilities.,12,61,
Fisherman,1,211,211,cedi,unique,ice,physical,1100,1,1983,1983,0,0,3000,Am I a man? So can I be called fisherman?,13,66,
Tidewater Stream,1,112,112,cedi,unique,ice,elemental,820,1.8,3388,3388,0,0,3150,Some people think the purling noise of a river is calming.,14,68,
Genis Sage,1,131,131,i_m0ck_death,unique,ice,energy,900,1.5,1892,1892,0,0,3500,Powerful mage who is adept in using the water magics.,15,72,
Ebonfrost Crystal,1,437,437,Ashbringer,unique,ice,elemental,1000,1.6,1960,1960,0,0,3600,A pristine crystal atop a pillar of black frost.,15,73,
Ymir,1,372,372,IamanEvilMan,unique,ice,elemental,900,1.5,2300,2300,0,0,3800,"From the flesh of Ymir, king of the Jötanr, gods fashioned the mortal realms. Born of venom dripped into the frozen waters of Elivágar, Ymir was exiled to the lonely wastes of Ginnungagap where he mastered Icy powers.",15,75,
"Taita, The Hermit",1,215,215,DaveMatthews,unique,ice,elemental,1000,1.3,3112,3112,0,0,4000,"Standing on a snowy peak, he's watched the world below for decades.",15,77,
Sapphiron's Cold Grave,1,526,526,cedi,unique,ice,elemental,1500,4,1,1,0,0,4000,"Sapphiron died a long time ago, but his bones do still carry an unbelievable power.",15,77,
Tombstone,1,307,307,geX,common,darkness,decay,1050,2,37,47,0,0,30,Basic tower with a small chance on attack to kill lesser targets immediately.,,,1
Creepy Tombstone,2,318,307,geX,common,darkness,decay,1051,1.95,164,204,0,0,140,Basic tower with a small chance on attack to kill lesser targets immediately.,,,1
Cursed Tombstone,3,354,307,geX,common,darkness,decay,1052,1.9,447,547,0,0,400,Basic tower with a small chance on attack to kill lesser targets immediately.,,,1
Horrible Tombstone,4,324,307,geX,common,darkness,decay,1053,1.85,953,1153,0,0,900,Basic tower with a small chance on attack to kill lesser targets immediately.,,,1
Daemonic Tombstone,5,333,307,geX,common,darkness,decay,1054,1.8,1585,1935,0,0,1600,Basic tower with a small chance on attack to kill lesser targets immediately.,,,1
Monument of Death,6,344,307,geX,common,darkness,decay,1055,1.75,2296,2896,0,0,2500,Basic tower with a small chance on attack to kill lesser targets immediately.,,,1
Fiery Pebble,1,586,586,geX,common,fire,elemental,900,1.2,31,36,0,0,30,Basic tower with low splash damage,,,1
Fiery Stone,2,630,586,geX,common,fire,elemental,900,1.2,147,171,0,0,150,Basic tower with low splash damage,,,1
Fiery Rock,3,653,586,geX,common,fire,elemental,900,1.2,389,455,0,0,400,Basic tower with low splash damage,,,1
Fiery Rock Formation,4,451,586,geX,common,fire,elemental,900,1.2,775,904,0,0,800,Basic tower with low splash damage,,,1
Burning Rock,5,2,586,geX,common,fire,elemental,900,1.2,1343,1582,0,0,1400,Basic tower with low splash damage,,,1
Hell Rock,6,35,586,geX,common,fire,elemental,900,1.2,2247,2637,0,0,2350,Basic tower with low splash damage,,,1
Haunted Rubble,1,166,166,Velex,common,darkness,essence,900,2,61,62,0,0,34,Tower with a chance to slow the movement speed of a unit on attacks.,,,4
Haunted Debris,2,271,166,Velex,common,darkness,essence,900,2,368,369,0,0,204,Tower with a chance to slow the movement speed of a unit on attacks.,,,4
Haunted Ruins,3,270,166,Velex,common,darkness,essence,900,2,1020,1021,0,0,506,Tower with a chance to slow the movement speed of a unit on attacks.,,,4
Haunted Silo,4,269,166,Velex,common,darkness,essence,900,2,2433,2434,0,0,1350,Tower with a chance to slow the movement speed of a unit on attacks.,,,4
Haunted Soul Mill,5,268,166,Velex,common,darkness,essence,900,2,3966,3967,0,0,2200,Tower with a chance to slow the movement speed of a unit on attacks.,,,4
Small Fire Sprayer,1,17,17,Cyony,common,fire,elemental,750,0.5,21,21,0,0,35,"A small, high rate of fire tower",,,4
Medium Fire Sprayer,2,18,17,Cyony,common,fire,elemental,750,0.5,109,109,0,0,180,"A medium sized, high rate of fire tower",,,4
Big Fire Sprayer,3,19,17,Cyony,common,fire,elemental,750,0.5,220,220,0,0,370,"A big, high rate of fire tower",,,4
Grand Fire Sprayer,4,20,17,Cyony,common,fire,elemental,750,0.5,438,438,0,0,750,"A grand, high rate of fire tower",,,4
Huge Fire Sprayer,5,21,17,Cyony,common,fire,elemental,750,0.5,841,841,0,0,1450,"A huge, high rate of fire tower",,,4
Titanic Fire Sprayer,6,22,17,Cyony,common,fire,elemental,750,0.5,1370,1370,0,0,2400,"A titanic, high rate of fire tower",,,4
Astral Lantern,1,117,117,Velex,common,astral,magic,750,2.2,90,95,0,0,35,Tower that deals additional damage to invisible units.,,,1
Astral Guide,2,118,117,Velex,common,astral,magic,750,2.2,996,1080,0,0,400,Tower that deals additional damage to invisible units.,,,1
Astral Beacon,3,119,117,Velex,common,astral,magic,750,2.2,3251,3425,0,0,1300,Tower that deals additional damage to invisible units.,,,1
Astral Lighthouse,4,120,117,Velex,common,astral,magic,750,2.2,5985,6209,0,0,2400,Tower that deals additional damage to invisible units.,,,1
Ruined Sun Pedestal,1,363,363,geX,common,astral,energy,1200,2,43,47,0,0,35,Basic Tower with a weak bouncing attack and bonus damage to undead enemies.,,,5
Ruined Sun Pillar,2,404,363,geX,common,astral,energy,1200,2,154,171,0,0,130,Basic Tower with a weak bouncing attack and bonus damage to undead enemies.,,,5
Flawed Sun Pillar,3,448,363,geX,common,astral,energy,1200,2,370,414,0,0,320,Basic Tower with a weak bouncing attack and bonus damage to undead enemies.,,,5
Sun Pillar,4,440,363,geX,common,astral,energy,1200,2,738,825,0,0,650,Basic Tower with a weak bouncing attack and bonus damage to undead enemies.,,,5
Sun Shrine,5,445,363,geX,common,astral,energy,1200,2,1218,1374,0,0,1100,Basic Tower with a weak bouncing attack and bonus damage to undead enemies.,,,5
Sun Array,6,446,363,geX,common,astral,energy,1200,2,1844,2085,0,0,1700,Basic Tower with a weak bouncing attack and bonus damage to undead enemies.,,,5
Sun Monument,7,447,363,geX,common,astral,energy,1200,2,2654,3013,0,0,2500,Basic Tower with a weak bouncing attack and bonus damage to undead enemies.,,,5
Glowing Solar Orb,1,385,385,MasterCassim,common,astral,energy,850,1.3,40,40,0,0,40,"The blazing light of the sun makes its targets glow, especially undead ones.",,,4
Glaring Solar Orb,2,389,385,MasterCassim,common,astral,energy,850,1.3,242,242,0,0,250,"The blazing light of the sun makes its targets glow, especially undead ones.",,,4
Glowing Sun Orb,3,390,385,MasterCassim,common,astral,energy,850,1.3,562,562,0,0,600,"The blazing light of the sun makes its targets glow, especially undead ones.",,,4
Shiny Sun Orb,4,387,385,MasterCassim,common,astral,energy,850,1.3,1420,1420,0,0,1550,"The blazing light of the sun makes its targets glow, especially undead ones.",,,4
Blazing Sun Orb,5,388,385,MasterCassim,common,astral,energy,850,1.3,2300,2300,0,0,2600,"The blazing light of the sun makes its targets glow, especially undead ones.",,,4
Ruined Storm Cap,1,470,470,geX,common,storm,energy,1600,1.3,24,64,0,0,40,Basic long ranged tower.,,,3
Broken Storm Column,2,475,470,geX,common,storm,energy,1600,1.25,68,228,0,0,160,Basic long ranged tower.,,,3
Storm Column,3,481,470,geX,common,storm,energy,1600,1.2,160,580,0,0,420,Basic long ranged tower.,,,3
Storm Chamber,4,489,470,geX,common,storm,energy,1600,1.15,286,1136,0,0,850,Basic long ranged tower.,,,3
Storm Turret,5,450,470,geX,common,storm,energy,1600,1.15,521,2071,0,0,1550,Basic long ranged tower.,,,3
Storm Destillator,6,500,470,geX,common,storm,energy,1600,1.1,717,3167,0,0,2450,Basic long ranged tower.,,,3
Tree Stump,1,474,474,Monolith,common,nature,physical,950,0.9,24,27,0,0,40,Basic nature tower with the ability to attack multiple targets.,,,4
Tree Trunk,2,634,474,Monolith,common,nature,physical,950,0.9,119,124,0,0,280,Common nature tower with the ability to attack multiple targets.,,,4
Tree,3,635,474,Monolith,common,nature,physical,950,0.9,227,232,0,0,640,Common nature tower with the ability to attack multiple targets.,,,4
Tree Group,4,636,474,Monolith,common,nature,physical,950,0.8,264,269,0,0,1100,Strong nature tower with the ability to attack multiple targets.,,,4
Forest,5,637,474,Monolith,common,nature,physical,950,0.8,541,546,0,0,2250,Mighty nature tower with the ability to attack multiple targets.,,,4
Minor Magic Ruin,1,11,11,drol,common,astral,elemental,700,1,47,51,0,0,45,Some magic still sparkles inside these ruins.,,,3
Small Magic Ruin,2,12,11,drol,common,astral,elemental,700,1,151,165,0,0,150,Some magic still sparkles inside these ruins.,,,3
Magic Ruin,3,13,11,drol,common,astral,elemental,700,1,317,349,0,0,325,Some magic still sparkles inside these ruins.,,,3
Large Magic Ruin,4,14,11,drol,common,astral,elemental,700,1,663,732,0,0,700,Some magic still sparkles inside these ruins.,,,3
Major Magic Ruin,5,15,11,drol,common,astral,elemental,700,1,1379,1528,0,0,1500,Some magic still sparkles inside these ruins.,,,3
Collosal Magic Ruin,6,16,11,drol,common,astral,elemental,700,1,2228,2477,0,0,2500,Some magic still sparkles inside these ruins.,,,3
Rooted Chasm,1,680,680,SirCoqalot.,uncommon,nature,essence,950,1.4,47,47,0,0,45,Basic Tower that has a small chance to root creeps it attacks.,,,
Blooming Chasm,2,681,680,SirCoqalot.,uncommon,nature,essence,950,1.4,289,289,0,0,275,Basic Tower that has a small chance to root creeps it attacks.,,,
Cultivated Chasm,3,682,680,SirCoqalot.,uncommon,nature,essence,950,1.4,961,961,0,0,915,Basic Tower that has a small chance to root creeps it attacks.,,,
Flourishing Chasm,4,679,680,SirCoqalot.,uncommon,nature,essence,950,1.4,2258,2258,0,0,2150,Basic Tower that has a small chance to root creeps it attacks.,,,
Dark Fire Pit,1,107,107,i_m0ck_death,common,darkness,decay,850,1.1,42,42,0,0,50,"Darkness tower that is weak to undead units, but strong to magical units. The tower can also hit multiple units on each attack.",,,3
Enhanced Dark Fire Pit,2,179,107,i_m0ck_death,common,darkness,decay,850,1.1,177,177,0,0,210,"Darkness tower that is weak to undead units, but strong to magical units. The tower can also hit multiple units on each attack.",,,3
Enchanted Dark Fire Pit,3,180,107,i_m0ck_death,common,darkness,decay,850,1.1,383,383,0,0,660,"Darkness tower that is weak to undead units, but strong to magical units. The tower can also hit multiple units on each attack.",,,3
Engulfing Dark Fire Pit,4,181,107,i_m0ck_death,common,darkness,decay,850,1.1,754,754,0,0,1300,"Darkness tower that is weak to undead units, but strong to magical units. The tower can also hit multiple units on each attack.",,,3
Consuming Dark Fire Pit,5,182,107,i_m0ck_death,common,darkness,decay,850,1.1,1067,1067,0,0,2250,"Darkness tower that is weak to undead units, but strong to magical units. The tower can also hit multiple units on each attack.",,,3
Broken Circle of Wind,1,312,312,SternBogen / Natac & girlfriend,uncommon,storm,physical,1100,1.4,54,56,0,0,50,Strong gusts of wind often linger around these ruins.,,,
Circle of Wind,2,313,312,SternBogen / Natac & girlfriend,uncommon,storm,physical,1100,1.4,184,184,0,0,170,Strong gusts of wind often linger around these ruins.,,,
Circle of Storm,3,314,312,SternBogen / Natac & girlfriend,uncommon,storm,physical,1100,1.4,526,534,0,0,490,Strong gusts of wind often linger around these ruins.,,,
Orcan Circle,4,315,312,SternBogen / Natac & girlfriend,uncommon,storm,physical,1100,1.4,1600,1611,0,0,1500,Strong gusts of wind often linger around these ruins.,,,
Hurricane Circle,5,316,312,SternBogen / Natac & girlfriend,uncommon,storm,physical,1100,1.4,2953,2967,0,0,2800,Strong gusts of wind often linger around these ruins.,,,
Ruined Monolith,1,638,638,drol,common,storm,physical,1050,1.5,47,51,0,0,50,Covered with ancient runes from rituals practiced ages ago.,,,
Monolith,2,639,638,drol,common,storm,physical,1050,1.5,136,150,0,0,150,Covered with ancient runes from rituals practiced ages ago.,,,
Enchanted Monolith,3,640,638,drol,common,storm,physical,1050,1.5,264,293,0,0,300,Covered with ancient runes from rituals practiced ages ago.,,,
Monolith of Lightning,4,641,638,drol,common,storm,physical,1050,1.5,511,570,0,0,600,Covered with ancient runes from rituals practiced ages ago.,,,
Monolith of Thunder,5,642,638,drol,common,storm,physical,1050,1.5,992,1111,0,0,1200,Covered with ancient runes from rituals practiced ages ago.,,,
Monolith of the Gathering Storm,6,643,638,drol,common,storm,physical,1050,1.5,1924,2163,0,0,2400,Covered with ancient runes from rituals practiced ages ago.,,,
Felweed,1,405,405,SirCoqalot.,common,fire,decay,750,1,49,49,0,0,55,Basic Tower that sometimes deals more damage.,,,3
Grown Felweed,2,406,405,SirCoqalot.,common,fire,decay,750,1,192,192,0,0,215,Basic Tower that sometimes deals more damage.,,,3
Rancid Felweed,3,407,405,SirCoqalot.,common,fire,decay,750,1,423,423,0,0,510,Basic Tower that sometimes deals more damage.,,,3
Old Felweed,4,408,405,SirCoqalot.,common,fire,decay,750,1,912,912,0,0,1100,Basic Tower that sometimes deals more damage.,,,3
Elder Felweed,5,409,405,SirCoqalot.,common,fire,decay,750,1,1360,1360,0,0,1800,Basic Tower that sometimes deals more damage.,,,3
Ancient Felweed,6,410,405,SirCoqalot.,common,fire,decay,750,1,1889,1889,0,0,2500,Basic Tower that sometimes deals more damage.,,,3
Lunar Sentinel,1,5,5,SirCoqalot.,uncommon,astral,energy,1200,2,17,37,0,0,60,The spirit of a watcher left to look over the ruins.,,,
Lunar Guardian,2,49,5,SirCoqalot.,uncommon,astral,energy,1200,2,262,282,0,0,600,The spirit of a watcher left to look over the ruins.,,,
Lunar Protector,3,50,5,SirCoqalot.,uncommon,astral,energy,1200,2,806,826,0,0,1800,The spirit of a watcher left to look over the ruins.,,,
Lunar Defender,4,51,5,SirCoqalot.,uncommon,astral,energy,1200,2,1350,1370,0,0,3000,The spirit of a watcher left to look over the ruins.,,,
Tentacle Spawn,1,169,169,drol,common,darkness,physical,850,1.5,65,76,0,0,60,"Sometimes hits its targets in a weak spot, leaving them rended.",,,
Tentacle Spawn,2,612,169,drol,common,darkness,physical,850,1.5,176,235,0,0,180,"Sometimes hits its targets in a weak spot, leaving them rended.",,,
Starving Tentacle,3,613,169,drol,common,darkness,physical,850,1.5,345,464,0,0,360,"Sometimes hits its targets in a weak spot, leaving them rended.",,,
Rending Tentacle,4,614,169,drol,common,darkness,physical,850,1.5,679,918,0,0,720,"Sometimes hits its targets in a weak spot, leaving them rended.",,,
Revenging Tentacle,5,615,169,drol,common,darkness,physical,850,1.5,1334,1813,0,0,1440,"Sometimes hits its targets in a weak spot, leaving them rended.",,,
Giant Tentacle,6,616,169,drol,common,darkness,physical,850,1.5,2267,3082,0,0,2448,"Sometimes hits its targets in a weak spot, leaving them rended.",,,
Small Light,1,80,80,SternBogen,uncommon,astral,energy,850,1,53,59,0,0,65,A strong tower against the undead. Can see nearby invisible units.,,,
Shining Light,2,82,80,SternBogen,uncommon,astral,energy,850,1,189,195,0,0,230,A strong tower against the undead. Can see nearby invisible units.,,,
Bright Light,3,81,80,SternBogen,uncommon,astral,energy,850,1,527,533,0,0,650,A strong tower against the undead. Can see nearby invisible units.,,,
Holy Light,4,355,80,SternBogen,uncommon,astral,energy,850,1,992,998,0,0,1250,A strong tower against the undead. Can see nearby invisible units.,,,
Holy Eternal Light,5,356,80,SternBogen,uncommon,astral,energy,850,1,2168,2174,0,0,2799,A strong tower against the undead. Can see nearby invisible units.,,,
Thief Apprentice,1,108,108,i_m0ck_death,uncommon,darkness,physical,800,1.5,103,103,0,0,65,"Trained in the shadows, the thief is an expert in finding gold.",,,
Thief Novice,2,109,108,i_m0ck_death,uncommon,darkness,physical,800,1.5,305,305,0,0,195,"Trained in the shadows, the thief is an expert in finding gold.",,,
Thief,3,110,108,i_m0ck_death,uncommon,darkness,physical,800,1.5,904,904,0,0,585,"Trained in the shadows, the thief is an expert in finding gold.",,,
Thief Master,4,111,108,i_m0ck_death,uncommon,darkness,physical,800,1.5,1987,1987,0,0,1300,"Trained in the shadows, the thief is an expert in finding gold.",,,
Thief Grand Master,5,113,108,i_m0ck_death,uncommon,darkness,physical,800,1.5,3930,3930,0,0,2600,"Trained in the shadows, the thief is an expert in finding gold.",,,
Lesser Flamy Defender,1,482,482,Natac,common,fire,elemental,700,1.5,111,124,0,0,65,Common elementar defender.,,,
Small Flamy Defender,2,483,482,Natac,common,fire,elemental,700,1.5,374,418,0,0,220,Common elementar defender.,,,
Medium Flamy Defender,3,484,482,Natac,common,fire,elemental,700,1.5,1105,1235,0,0,650,Common elementar defender.,,,
Grand Flamy Defender,4,486,482,Natac,common,fire,elemental,700,1.5,2296,2566,0,0,1350,Common elementar defender.,,,
Superior Flamy Defender,5,485,482,Natac,common,fire,elemental,700,1.5,4251,4751,0,0,2500,Common elementar defender.,,,
Lesser Storm Defender,1,496,496,Natac,common,storm,energy,950,0.8,31,60,0,0,65,Common elementar defender.,,,
Small Storm Defender,2,497,496,Natac,common,storm,energy,950,0.8,103,202,0,0,220,Common elementar defender.,,,
Medium Storm Defender,3,493,496,Natac,common,storm,energy,950,0.8,303,595,0,0,650,Common elementar defender.,,,
Grand Storm Defender,4,494,496,Natac,common,storm,energy,950,0.8,629,1236,0,0,1350,Common elementar defender.,,,
Superior Storm Defender,5,495,496,Natac,common,storm,energy,950,0.8,1163,2288,0,0,2500,Common elementar defender.,,,
Lesser Natural Defender,1,498,498,Natac,common,nature,essence,875,2.3,75,94,0,0,65,Common elementar defender.,,,
Small Natural Defender,2,499,498,Natac,common,nature,essence,875,3.3,251,317,0,0,220,Common elementar defender.,,,
Medium Natural Defender,3,501,498,Natac,common,nature,essence,875,4.3,741,936,0,0,650,Common elementar defender.,,,
Grand Natural Defender,4,502,498,Natac,common,nature,essence,875,5.3,1539,1944,0,0,1350,Common elementar defender.,,,
Superior Natural Defender,5,503,498,Natac,common,nature,essence,875,6.3,2848,3598,0,0,2500,Common elementar defender.,,,
Lesser Ice Defender,1,507,507,Natac,common,ice,elemental,900,1.4,88,94,0,0,65,Common elementar defender.,,,
Small Ice Defender,2,508,507,Natac,common,ice,elemental,900,1.4,296,318,0,0,220,Common elementar defender.,,,
Medium Ice Defender,3,504,507,Natac,common,ice,elemental,900,1.4,875,940,0,0,650,Common elementar defender.,,,
Grand Ice Defender,4,505,507,Natac,common,ice,elemental,900,1.4,1817,1952,0,0,1350,Common elementar defender.,,,
Superior Ice Defender,5,506,507,Natac,common,ice,elemental,900,1.4,3363,3613,0,0,2500,Common elementar defender.,,,
Lesser Astral Defender,1,510,510,Natac,common,astral,energy,850,1.2,73,84,0,0,65,Common elementar defender.,,,
Small Astral Defender,2,512,510,Natac,common,astral,energy,850,1.2,246,283,0,0,220,Common elementar defender.,,,
Medium Astral Defender,3,513,510,Natac,common,astral,energy,850,1.2,725,836,0,0,650,Common elementar defender.,,,
Grand Astral Defender,4,514,510,Natac,common,astral,energy,850,1.2,1506,1735,0,0,1350,Common elementar defender.,,,
Superior Astral Defender,5,509,510,Natac,common,astral,energy,850,1.2,2788,3213,0,0,2500,Common elementar defender.,,,
Lesser Iron Defender,1,515,515,Natac,common,iron,physical,800,1,65,65,0,0,65,Common elementar defender.,,,
Small Iron Defender,2,518,515,Natac,common,iron,physical,800,1,220,220,0,0,220,Common elementar defender.,,,
Medium Iron Defender,3,519,515,Natac,common,iron,physical,800,1,650,650,0,0,650,Common elementar defender.,,,
Grand Iron Defender,4,516,515,Natac,common,iron,physical,800,1,1350,1350,0,0,1350,Common elementar defender.,,,
Superior Iron Defender,5,517,515,Natac,common,iron,physical,800,1,2500,2500,0,0,2500,Common elementar defender.,,,
Burning Watchtower,1,658,659,Natac,uncommon,fire,elemental,800,1.4,51,52,0,0,65,Burning structure with a small synergetic effect for its element.,,,
Burning Sentry,2,659,659,Natac,uncommon,fire,elemental,800,1.38,286,287,0,0,370,Burning structure with a small synergetic effect for its element.,,,
Burning Outpost,3,660,659,Natac,uncommon,fire,elemental,800,1.36,759,760,0,0,1000,Burning structure with a small synergetic effect for its element.,,,
Burning Fortress,4,661,659,Natac,uncommon,fire,elemental,800,1.34,1865,1866,0,0,2500,Burning structure with a small synergetic effect for its element.,,,
Baby Plant,1,673,673,Boekie,common,nature,decay,825,1.75,108,108,0,0,65,This plant is small but it grows very fast!,,,
Small Plant,2,674,673,Boekie,common,nature,decay,825,1.75,215,215,0,0,135,This plant is small but it grows very fast!,,,
Plant,3,675,673,Boekie,common,nature,decay,825,1.75,454,454,0,0,300,This plant is small but it grows very fast!,,,
Growing Plant,4,676,673,Boekie,common,nature,decay,825,1.75,920,920,0,0,640,This plant is small but it grows very fast!,,,
Fast Growing Plant,5,677,673,Boekie,common,nature,decay,825,1.75,1933,1933,0,0,1400,This plant is small but it grows very fast!,,,
Mutating Plant,6,678,673,Boekie,common,nature,decay,825,1.75,3440,3440,0,0,2600,This plant is small but it grows very fast!,,,
Fiery Dog,1,70,70,cedi,uncommon,fire,decay,800,1.2,78,86,0,0,70,The hounds of war are howling again.,,,
Burning Dog,2,73,70,cedi,uncommon,fire,decay,800,1.2,236,236,0,0,210,The hounds of war are howling again.,,,
Hellhound,3,74,70,cedi,uncommon,fire,decay,800,1.2,900,900,0,0,940,The hounds of war are howling again.,,,
Infernal Dog,4,75,70,cedi,uncommon,fire,decay,800,1.2,1712,1712,0,0,1680,The hounds of war are howling again.,,,
Hound of War,5,76,70,cedi,uncommon,fire,decay,800,1.2,3249,3249,0,0,3360,The hounds of war are howling again.,,,
Small Torch,1,226,226,Boekie,common,fire,elemental,900,0.9,48,48,25,2,70,This tower uses magical flames to strike multiple targets.,,,
Torch,2,225,226,Boekie,common,fire,elemental,900,0.9,173,173,30,2,250,This tower uses magical flames to strike multiple targets.,,,
Burning Torch,3,228,226,Boekie,common,fire,elemental,900,0.9,484,484,35,2,700,This tower uses magical flames to strike multiple targets.,,,
Burning Beacon,4,229,226,Boekie,common,fire,elemental,900,0.9,968,968,40,2,1400,This tower uses magical flames to strike multiple targets.,,,
Inferno Beacon,5,227,226,Boekie,common,fire,elemental,900,0.9,1729,1729,45,2,2500,This tower uses magical flames to strike multiple targets.,,,
Broken Lightning Rod,1,231,231,Boekie,common,storm,energy,1200,1.2,47,66,25,2,70,A storm tower that releases a magic lighting bolt.,,,
Small Lightning Rod,2,234,231,Boekie,common,storm,energy,1200,1.2,190,209,30,2,250,A storm tower that releases a magic lighting bolt.,,,
Lightning Rod,3,233,231,Boekie,common,storm,energy,1200,1.2,548,567,35,2,700,A storm tower that releases a magic lighting bolt.,,,
Greater Lightning Rod,4,232,231,Boekie,common,storm,energy,1200,1.2,1104,1123,40,2,1400,A storm tower that releases a magic lighting bolt.,,,
Big Lightning Rod,5,230,231,Boekie,common,storm,energy,1200,1.2,1979,1998,45,2,2500,A storm tower that releases a magic lighting bolt.,,,
Stormy Doc,1,242,242,cedi,uncommon,storm,energy,900,1.5,95,103,0,0,70,Do you hear the howl of the storm?,,,
Thunderous Dog,2,243,242,cedi,uncommon,storm,energy,900,1.5,281,289,0,0,210,Do you hear the howl of the storm?,,,
Stormhound,3,244,242,cedi,uncommon,storm,energy,900,1.5,1082,1090,0,0,840,Do you hear the howl of the storm?,,,
Hurricane Dog,4,245,242,cedi,uncommon,storm,energy,900,1.5,2062,2070,0,0,1680,Do you hear the howl of the storm?,,,
Hound of Storms,5,247,242,cedi,uncommon,storm,energy,900,1.5,3916,3924,0,0,3360,Do you hear the howl of the storm?,,,
Cloud Warrior,1,272,272,i_m0ck_death,uncommon,storm,energy,840,2.1,58,127,0,0,70,A warrior trained high in the sky.,,,
Stratus Warrior,2,273,272,i_m0ck_death,uncommon,storm,energy,840,2.1,173,382,0,0,210,A warrior trained high in the sky.,,,
Cumulus Warrior,3,274,272,i_m0ck_death,uncommon,storm,energy,840,2.1,431,955,0,0,525,A warrior trained high in the sky.,,,
Cirrus Warrior,4,275,272,i_m0ck_death,uncommon,storm,energy,840,2.1,1076,2387,0,0,1312,A warrior trained high in the sky.,,,
Cumulonimbus Warrior,5,276,272,i_m0ck_death,uncommon,storm,energy,840,2.1,2151,4776,0,0,2625,A warrior trained high in the sky.,,,
Small Frost Fire,1,364,364,IamanEvilMan,common,darkness,essence,900,0.9,46,46,25,2,70,This tower uses mana to summon coldfire from the Frozen Heart of Hell for minor AoE damage and slowing effect. Stolen souls improve this ability with each tower level.,,,
Frost Fire,2,365,364,IamanEvilMan,common,darkness,essence,900,0.9,163,163,25,2,250,This tower uses mana to summon coldfire from the Frozen Heart of Hell for minor AoE damage and slowing effect. Stolen souls improve this ability with each tower level.,,,
Hungry Frost Fire,3,366,364,IamanEvilMan,common,darkness,essence,900,0.9,456,456,25,2,700,This tower uses mana to summon coldfire from the Frozen Heart of Hell for minor AoE damage and slowing effect. Stolen souls improve this ability with each tower level.,,,
Hungry Frozen Flame,4,367,364,IamanEvilMan,common,darkness,essence,900,0.9,911,911,25,2,1400,This tower uses mana to summon coldfire from the Frozen Heart of Hell for minor AoE damage and slowing effect. Stolen souls improve this ability with each tower level.,,,
Frozen Inferno,5,368,364,IamanEvilMan,common,darkness,essence,900,0.9,1627,1627,25,2,2500,This tower uses mana to summon coldfire from the Frozen Heart of Hell for minor AoE damage and slowing effect. Stolen souls improve this ability with each tower level.,,,
Teacher,1,427,427,Deikorim/limfa,uncommon,astral,elemental,900,1.5,86,90,0,0,70,Teacher teaches you to attack!,,,
Clever Teacher,2,428,427,Deikorim/limfa,uncommon,astral,elemental,900,1.5,225,229,0,0,180,Teacher teaches you to attack!,,,
Learned Teacher,3,429,427,Deikorim/limfa,uncommon,astral,elemental,900,1.5,439,443,0,0,350,Teacher teaches you to attack!,,,
Studied Teacher,4,430,427,Deikorim/limfa,uncommon,astral,elemental,900,1.5,1070,1074,0,0,850,Teacher teaches you to attack!,,,
Doctorated Teacher,5,431,427,Deikorim/limfa,uncommon,astral,elemental,900,1.5,2016,2020,0,0,1600,Teacher teaches you to attack!,,,
All-Knowing Teacher,6,432,427,Deikorim/limfa,uncommon,astral,elemental,900,1.5,3151,3155,0,0,2500,Teacher teaches you to attack!,,,
Embershell Turtle Hatchling,1,532,532,Velex,uncommon,fire,decay,800,0.25,49,50,10,1,70,"Embershell Turtles are volatile creatures who tend to sporadically attack just about everything. Luckily, they tend to run out of steam rather quickly.",,,
Embershell Turtle Nestling,2,533,532,Velex,uncommon,fire,decay,800,0.25,181,182,12,1,260,"Embershell Turtles are volatile creatures who tend to sporadically attack just about everything. Luckily, they tend to run out of steam rather quickly.",,,
Embershell Turtle Loner,3,534,532,Velex,uncommon,fire,decay,800,0.25,453,454,14,1,650,"Embershell Turtles are volatile creatures who tend to sporadically attack just about everything. Luckily, they tend to run out of steam rather quickly.",,,
Embershell Turtle Adult,4,535,532,Velex,uncommon,fire,decay,800,0.25,1044,1045,16,1,1500,"Embershell Turtles are volatile creatures who tend to sporadically attack just about everything. Luckily, they tend to run out of steam rather quickly.",,,
Embershell Turtle Matriarch,5,536,532,Velex,uncommon,fire,decay,800,0.25,1880,1881,18,1,2700,"Embershell Turtles are volatile creatures who tend to sporadically attack just about everything. Luckily, they tend to run out of steam rather quickly.",,,
Broken Fire Pit,1,555,555,Boekie,common,fire,decay,800,0.9,57,57,0,0,70,A fire pit that has the ability to unleash some powerful flames.,,,
Burning Fire Pit,2,558,555,Boekie,common,fire,decay,800,0.9,157,157,0,0,200,A fire pit that has the ability to unleash some powerful flames.,,,
Expanded Fire Pit,3,559,555,Boekie,common,fire,decay,800,0.9,455,455,0,0,600,A fire pit that has the ability to unleash some powerful flames.,,,
Wealthy Fire Pit,4,585,555,Boekie,common,fire,decay,800,0.9,951,951,0,0,1300,A fire pit that has the ability to unleash some powerful flames.,,,
Luxurious Fire Pit,5,560,555,Boekie,common,fire,decay,800,0.9,1692,1692,0,0,2400,A fire pit that has the ability to unleash some powerful flames.,,,
Broken Cage,1,580,580,Chronos,common,darkness,decay,800,1.5,88,93,0,0,70,"Common darkness tower, adept at eliminating magical, nature and undead foes.",,,
Restored Cage,2,581,580,Chronos,common,darkness,decay,800,1.5,299,304,0,0,250,"Common darkness tower, adept at eliminating magical, nature and undead foes.",,,
Caged Soul,3,582,580,Chronos,common,darkness,decay,800,1.5,750,755,0,0,660,"Common darkness tower, adept at eliminating magical, nature and undead foes.",,,
Trapped Souls,4,583,580,Chronos,common,darkness,decay,800,1.5,1329,1334,0,0,1240,"Common darkness tower, adept at eliminating magical, nature and undead foes.",,,
Soul Prison,5,584,580,Chronos,common,darkness,decay,800,1.5,2253,2258,0,0,2200,"Common darkness tower, adept at eliminating magical, nature and undead foes.",,,
Rotted Flashing Grave,1,650,650,Natac,common,storm,energy,2000,1,36,36,0,0,70,"A common grave of a fallen storm warrior, whose wrath outlasts its death and still seeks for revenge.",,,
Restored Flashing Grave,2,668,650,Natac,common,storm,energy,2000,1,75,77,0,0,140,"A common grave of a fallen storm warrior, whose wrath outlasts its death and still seeks for revenge.",,,
Maintenanced Flashing Grave,3,669,650,Natac,common,storm,energy,2000,1,150,152,0,0,280,"A common grave of a fallen storm warrior, whose wrath outlasts its death and still seeks for revenge.",,,
Flashing Cenotaph,4,672,650,Natac,common,storm,energy,2000,1,301,303,0,0,560,"A common grave of a fallen storm warrior, whose wrath outlasts its death and still seeks for revenge.",,,
Elegant Flashing Cenotaph,5,670,650,Natac,common,storm,energy,2000,1,604,606,0,0,1120,"A common grave of a fallen storm warrior, whose wrath outlasts its death and still seeks for revenge.",,,
Flashing Monument,6,671,650,Natac,common,storm,energy,2000,1,1208,1210,0,0,2240,"A common grave of a fallen storm warrior, whose wrath outlasts its death and still seeks for revenge.",,,
Skink,1,254,254,cedi,uncommon,nature,decay,800,1,28,34,0,0,150,It likes to hug people.,,,
Aged Skink,2,255,254,cedi,uncommon,nature,decay,800,1,112,125,0,0,350,It likes to hug people.,,,
Yellowskin Skink,3,256,254,cedi,uncommon,nature,decay,800,1,326,346,0,0,850,It likes to hug people.,,,
Viviparous Skink,4,257,254,cedi,uncommon,nature,decay,800,1,743,770,0,0,1800,It likes to hug people.,,,
Starskin Skink,5,258,254,cedi,uncommon,nature,decay,800,1,1243,1277,0,0,3000,It likes to hug people.,,,
Buried Soul,1,376,376,SirCoqalot.,uncommon,darkness,magic,1200,1,10,71,0,0,80,A tricky tower that may weaken its target temporarily but also itself,,,
Lost Soul,2,379,376,SirCoqalot.,uncommon,darkness,magic,1200,1,117,178,0,0,310,A tricky tower that may weaken its target temporarily but also itself,,,
Forgotten Soul,3,384,376,SirCoqalot.,uncommon,darkness,magic,1200,1,528,589,0,0,1240,A tricky tower that may weaken its target temporarily but also itself,,,
Long Forgotten Soul,4,395,376,SirCoqalot.,uncommon,darkness,magic,1200,1,1014,1075,0,0,240,A tricky tower that may weaken its target temporarily but also itself,,,
Cold Troll,1,476,476,cedi,uncommon,ice,elemental,900,1.5,71,71,100,2.5,90,"With his 15 years he is really young, but 15 years in the ice hell of Northrend is something to show.",,,
Really Cold Troll,2,477,476,cedi,uncommon,ice,elemental,900,1.5,397,397,100,2.5,600,"Now, he reached the next level...",,,
Frozen Troll,3,478,476,cedi,uncommon,ice,elemental,900,1.5,730,730,100,2.5,1200,His father said to him: Stay cool.,,,
Totally Frozen Troll,4,479,476,cedi,uncommon,ice,elemental,900,1.5,1362,1362,100,2.5,2400,His father said to him: Stay cool. And he did.,,,
Lesser Priest,1,590,590,Boekie,uncommon,astral,elemental,1000,2,97,97,0,0,90,This holy priest is able to smite creeps. It's very weak at the start but becomes a lot stronger when it gains experience.,,,
Priest,2,597,590,Boekie,uncommon,astral,elemental,1000,2,301,301,0,0,290,This holy priest is able to smite creeps. It's very weak at the start but becomes a lot stronger when it gains experience.,,,
Experienced Priest,3,598,590,Boekie,uncommon,astral,elemental,1000,2,668,668,0,0,799,This holy priest is able to smite creeps. It's very weak at the start but becomes a lot stronger when it gains experience.,,,
Holy Priest,4,599,590,Boekie,uncommon,astral,elemental,1000,2,1279,1279,0,0,1400,This holy priest is able to smite creeps. It's very weak at the start but becomes a lot stronger when it gains experience.,,,
Divine Priest,5,600,590,Boekie,uncommon,astral,elemental,1000,2,2179,2179,0,0,2500,This holy priest is able to smite creeps. It's very weak at the start but becomes a lot stronger when it gains experience.,,,
Lightning Generator,1,378,378,SirCoqalot.,uncommon,storm,magic,980,1.35,1,1,0,0,92,Simple storm tower that will deal all of its damage through spells. Has a minor chance to cast a chainlightning on attack.,,,
Fortified Lightning Generator,2,381,378,SirCoqalot.,uncommon,storm,magic,980,1.35,1,1,0,0,345,Simple storm tower that will deal all of its damage through spells. Has a minor chance to cast a chainlightning on attack.,,,
Stormcloud Generator,3,382,378,SirCoqalot.,uncommon,storm,magic,980,1.35,1,1,0,0,1025,Simple storm tower that will deal all of its damage through spells. Has a minor chance to cast a chainlightning on attack.,,,
Thunderstorm Generator,4,383,378,SirCoqalot.,uncommon,storm,magic,980,1.35,1,1,0,0,2450,Simple storm tower that will deal all of its damage through spells. Has a minor chance to cast a chainlightning on attack.,,,
Essence of Fury,1,277,277,Killamasta,uncommon,darkness,decay,800,2,16,16,0,0,100,A piece of a black heart. Poisons many enemies.,,,
Essence of Rage,2,290,277,Killamasta,uncommon,darkness,decay,800,2,38,38,0,0,300,A piece of a black heart. Poisons many enemies.,,,
Essence of Anger,3,291,277,Killamasta,uncommon,darkness,decay,800,2,63,63,0,0,600,A piece of a black heart. Poisons many enemies.,,,
Essence of Hate,4,292,277,Killamasta,uncommon,darkness,decay,800,2,101,101,0,0,1200,A piece of a black heart. Poisons many enemies.,,,
Core of Dark Emotions,5,293,277,Killamasta,uncommon,darkness,decay,800,2,185,185,0,0,2500,"The Master of Hate, Anger and Rage corrupts all the innocent hearts to make them rot.",,,
Frosty Rock,1,684,684,SirCoqalot.,uncommon,ice,energy,760,2.3,237,237,0,0,100,Iced formation radiating blistering cold.,,,
Frozen Rock,2,685,684,SirCoqalot.,uncommon,ice,energy,760,2.3,1156,1156,0,0,520,"Uncommon tower, which will slow the creeps it attacks. Each attack will increase the chance to stun a target.",,,
Glacier Tongue,3,686,684,SirCoqalot.,uncommon,ice,energy,760,2.3,2698,2698,0,0,1300,Iced formation radiating blistering cold.,,,
Glacier Tongue,4,330,684,SirCoqalot.,uncommon,ice,energy,760,2.3,4144,4144,0,0,2150,Iced formation radiating blistering cold.,,,
Cold Small Spider,1,102,102,D1000,uncommon,nature,essence,825,1.2,57,66,0,0,120,A cute small spider. Ugh... It spat at me!,,,
Ugly Small Spider,2,174,102,D1000,uncommon,nature,essence,825,1.2,180,189,0,0,360,It's small and ... UGLY!,,,
Adorable Young Spider,3,175,102,D1000,uncommon,nature,essence,825,1.2,549,558,0,0,1080,"I can not describe this spider, but at least it doesn't spit at me.",,,
Breeding Adult Spider,4,176,102,D1000,uncommon,nature,essence,825,1.2,1532,1541,0,0,3000,Ah..A grown up exemplar! But it appears that it doesn't want to get disturbed.,,,
Ash Geyser,1,571,571,drol,uncommon,fire,elemental,1100,1.8,106,115,0,0,120,A sleeping geyser that only sprouts fire now and then.,,,
Fire Geyser,2,572,571,drol,uncommon,fire,elemental,1100,1.8,315,334,0,0,360,A sleeping geyser that only sprouts fire now and then.,,,
Lava Geyser,3,573,571,drol,uncommon,fire,elemental,1100,1.8,646,685,0,0,750,A sleeping geyser that only sprouts fire now and then.,,,
Magma Geyser,4,574,571,drol,uncommon,fire,elemental,1100,1.8,1181,1260,0,0,1400,A sleeping geyser that only sprouts fire now and then.,,,
Volcanic Geyser,5,122,571,drol,uncommon,fire,elemental,1100,1.8,2348,2447,0,0,2800,A sleeping geyser that only sprouts fire now and then.,,,
