"id","name_english","range","target_type","icon","name","description_short","description_long"
1,"Unstable Energies","0",,"res://resources/icons/electricity/electricity_yellow.tres","4ULZ","TQKY","E3BL"
2,"Unstable Energies","0",,"res://resources/icons/electricity/electricity_yellow.tres","NAPL","IZOW","ILJE"
3,"Unstable Energies","0",,"res://resources/icons/electricity/electricity_yellow.tres","9OR4","N31B","FBRA"
4,"Unstable Energies","0",,"res://resources/icons/electricity/electricity_yellow.tres","S7GF","V3U5","D9L2"
5,"Illuminate","0",,"res://resources/icons/staves/wand_glowing.tres","88V9","76PS","B32H"
6,"Illuminate","0",,"res://resources/icons/staves/wand_glowing.tres","VA97","LBQE","TFPO"
7,"Illuminate","0",,"res://resources/icons/staves/wand_glowing.tres","SFAJ","2OIP","E125"
8,"Illuminate","0",,"res://resources/icons/staves/wand_glowing.tres","PQDC","NJA8","M267"
9,"Illuminate","0",,"res://resources/icons/staves/wand_glowing.tres","11A3","TIMQ","8Z92"
10,"Illuminate","0",,"res://resources/icons/staves/wand_glowing.tres","6FJR","6JY2","TOQQ"
11,"Spray and Pray","0",,"res://resources/icons/tower_icons/meteor_totem.tres","FWU1","P4YE","9SEO"
12,"Spray and Pray","0",,"res://resources/icons/tower_icons/meteor_totem.tres","L3TU","JVUC","E4MP"
13,"Spray and Pray","0",,"res://resources/icons/tower_icons/meteor_totem.tres","W4RR","4WUM","PQJ3"
14,"Spray and Pray","0",,"res://resources/icons/tower_icons/meteor_totem.tres","167F","WRSO","MA1T"
15,"Spray and Pray","0",,"res://resources/icons/tower_icons/meteor_totem.tres","14M0","EOT6","Q6K5"
16,"Spray and Pray","0",,"res://resources/icons/tower_icons/meteor_totem.tres","8U1A","GZN6","MIFE"
17,"Future Knowledge","0",,"res://resources/icons/books/book_10.tres","90SI","H9TU","LSRB"
18,"Swarm of Bugs","0",,"res://resources/icons/animals/spider_02.tres","A56G","2L3Z","IXW2"
19,"Swarm of Bugs","0",,"res://resources/icons/animals/spider_02.tres","IZHI","1M1M","W6MV"
20,"Swarm of Bugs","0",,"res://resources/icons/animals/spider_02.tres","4PIP","6BB8","I4S1"
21,"Swarm of Bugs","0",,"res://resources/icons/animals/spider_02.tres","FGMU","DW47","L9XT"
22,"Ice Nova","0",,"res://resources/icons/elements/ice.tres","KSCT","3FB1","9JPV"
23,"Ice Nova","0",,"res://resources/icons/elements/ice.tres","2WJV","P5S3","8PB6"
24,"Ice Nova","0",,"res://resources/icons/elements/ice.tres","HDE4","NQGW","8HHR"
25,"Ice Nova","0",,"res://resources/icons/elements/ice.tres","EAK2","CYRY","SP2C"
26,"Alert","500","TOWERS","res://resources/icons/misc/red_knight.tres","7OX2","MJC4","SNQM"
27,"Trespasser Awareness","925","CREEPS","res://resources/icons/magic/eye.tres","YQR7","Y4TX","4HWE"
28,"Alert","500","TOWERS","res://resources/icons/misc/red_knight.tres","VPAN","V4V3","MVHF"
29,"Trespasser Awareness","925","CREEPS","res://resources/icons/magic/eye.tres","PMKH","2VJQ","XDWH"
30,"Alert","500","TOWERS","res://resources/icons/misc/red_knight.tres","GXCY","MK44","K9B8"
31,"Trespasser Awareness","925","CREEPS","res://resources/icons/magic/eye.tres","BMD9","00QV","YNIX"
32,"Grapple","0",,"res://resources/icons/gloves/gloves_08.tres","AX86","2S9T","VPNI"
33,"Chaos","750","CREEPS","res://resources/icons/books/note_02.tres","EE0L","LD8U","T8M9"
34,"Time Travel","0",,"res://resources/icons/mechanical/compass.tres","IW1G","FELQ","KPYV"
35,"Transmute","0",,"res://resources/icons/mechanical/gold_machine.tres","WKYN","RK91","CN2W"
36,"Gold Gree","0",,"res://resources/icons/misc/gold_cart.tres","08QK","6I0B","R69L"
37,"Transmute","0",,"res://resources/icons/mechanical/gold_machine.tres","ZHAE","RQ50","BWLQ"
38,"Gold Gree","0",,"res://resources/icons/misc/gold_cart.tres","TKRS","OI6A","6KIW"
39,"Spacial Rift","0",,"res://resources/icons/furniture/exploding_mirror.tres","RJ54","D7GW","G4RV"
40,"Ground Smash","750","CREEPS","res://resources/icons/swords/greatsword_02.tres","ISBN","2QS3","EZXL"
41,"Occasional Thornspray","0",,"res://resources/icons/trinkets/claw_01.tres","V9CT","BO31","HZBE"
42,"Occasional Thornspray","0",,"res://resources/icons/trinkets/claw_01.tres","06L8","05LW","686Q"
43,"Occasional Thornspray","0",,"res://resources/icons/trinkets/claw_01.tres","36DS","U954","7S23"
44,"Magic Split","0",,"res://resources/icons/magic/claw_01.tres","Y56N","VEIJ","44VD"
45,"Magic Split","0",,"res://resources/icons/magic/claw_01.tres","7UIO","6TD8","A5J7"
46,"Magic Split","0",,"res://resources/icons/magic/claw_01.tres","PG8S","AXG3","SIEI"
47,"Magic Split","0",,"res://resources/icons/magic/claw_01.tres","1FSW","2BLT","OTZ7"
48,"Electric Field","1000","CREEPS","res://resources/icons/mechanical/mech_badge.tres","7UEJ","KOGU","S6ZE"
49,"Elemental Chaos","0",,"res://resources/icons/tower_icons/ball_lightning_accelerator.tres","EJUK","2TGV","HZO7"
50,"Elemental Chaos","0",,"res://resources/icons/tower_icons/ball_lightning_accelerator.tres","ZW8L","DO58","BLQI"
51,"Elemental Chaos","0",,"res://resources/icons/tower_icons/ball_lightning_accelerator.tres","Y8MR","0K5U","2ETP"
52,"Elemental Fury","0",,"res://resources/icons/hud/research_elements.tres","VUL8","AY4T","U5GY"
53,"Elemental Chaos","0",,"res://resources/icons/tower_icons/ball_lightning_accelerator.tres","FMGC","SRZX","9KHC"
54,"Bronzefication","0",,"res://resources/icons/potions/potion_07.tres","ACCK","CD6O","D93H"
55,"Shamanic Totem","500","TOWERS","res://resources/icons/undead/skull_doll.tres","M67X","YZH2","O74V"
56,"Fighter Totem","500","TOWERS","res://resources/icons/misc/spiky_totem_01.tres","DAGZ","GTT3","HT91"
57,"Ignite","0",,"res://resources/icons/orbs/orb_fire.tres","C3PL","1PI5","KF1J"
58,"Ignite","0",,"res://resources/icons/orbs/orb_fire.tres","NTGS","JBEY","8GZT"
59,"Ignite","0",,"res://resources/icons/orbs/orb_fire.tres","58HB","B7WL","7WL2"
60,"Roar","420","TOWERS","res://resources/icons/animals/dragon_03.tres","76FM","7LW4","9X86"
61,"Roar","420","TOWERS","res://resources/icons/animals/dragon_03.tres","ELRO","10C2","BHZW"
62,"Roar","420","TOWERS","res://resources/icons/animals/dragon_03.tres","WLQX","ZSA1","NQDW"
63,"Roar","420","TOWERS","res://resources/icons/animals/dragon_03.tres","GN8A","3H4F","DG1F"
64,"Roar","420","TOWERS","res://resources/icons/animals/dragon_03.tres","GI6S","0H21","AVK2"
65,"Extreme Cold","900","CREEPS","res://resources/icons/furniture/furniture.tres","GRJU","E7MG","4NEA"
66,"Extreme Cold","900","CREEPS","res://resources/icons/furniture/furniture.tres","DZI4","84RY","XF1D"
67,"Extreme Cold","900","CREEPS","res://resources/icons/furniture/furniture.tres","9B0O","NKBP","HC6V"
68,"Power of Light","0",,"res://resources/icons/electricity/electricity_yellow.tres","COZ4","40FM","QU63"
69,"Power of Light","0",,"res://resources/icons/electricity/electricity_yellow.tres","HA08","OH3J","M9ST"
70,"Power of Light","0",,"res://resources/icons/electricity/electricity_yellow.tres","19TS","OSMB","IU0S"
71,"Power of Light","0",,"res://resources/icons/electricity/electricity_yellow.tres","R3C3","VEOG","KEDF"
72,"Power of Light","0",,"res://resources/icons/electricity/electricity_yellow.tres","WKYY","88HQ","QM8K"
73,"Ain Soph Aur","0",,"res://resources/icons/shields/shield_with_gold_helmet.tres","1XL7","J03Z","FD0L"
74,"Ain Soph Aur","0",,"res://resources/icons/shields/shield_with_gold_helmet.tres","AMVG","9IN0","4P4O"
75,"Ain Soph Aur","0",,"res://resources/icons/shields/shield_with_gold_helmet.tres","TW7N","AH1K","88WC"
76,"Empowering Darkness","0",,"res://resources/icons/tower_variations/ash_geyser_purple.tres","2LOY","UQMU","KRA6"
77,"Empowering Darkness","0",,"res://resources/icons/tower_variations/ash_geyser_purple.tres","DPSE","X02C","0LEF"
78,"Empowering Darkness","0",,"res://resources/icons/tower_variations/ash_geyser_purple.tres","EV3O","I7DC","R08W"
79,"Frenzy","0",,"res://resources/icons/undead/skull_03.tres","OKLL","N3MO","LWC8"
80,"Frenzy","0",,"res://resources/icons/undead/skull_03.tres","R4CE","PFF1","SCMR"
81,"Frenzy","0",,"res://resources/icons/undead/skull_03.tres","JB2W","WXRO","9IG9"
82,"Frenzy","0",,"res://resources/icons/undead/skull_03.tres","S71H","A1VC","RWVD"
83,"Frenzy","0",,"res://resources/icons/undead/skull_03.tres","39QJ","OL87","J9R8"
84,"Freezing Mist","0",,"res://resources/icons/gems/crystal.tres","ZC7V","0Z52","JM6U"
85,"Glaives of Wisdom","0",,"res://resources/icons/hud/recipe_reassemble.tres","7UGE","S4FY","43SP"
86,"Last Word","0",,"res://resources/icons/shields/shield_skull.tres","2CAG","1K69","UL71"
87,"Curse of the Silent","800","CREEPS","res://resources/icons/tower_variations/ash_geyser_purple.tres","NEI9","OSZX","ESLF"
88,"Poisonous Spittle","0",,"res://resources/icons/misc/poison_01.tres","QLJ8","7MYL","VTCB"
89,"Poisonous Spittle","0",,"res://resources/icons/misc/poison_01.tres","5L7O","4DJD","3WLD"
90,"Poisonous Spittle","0",,"res://resources/icons/misc/poison_01.tres","T1K1","8CKP","QBM0"
91,"Poisonous Spittle","0",,"res://resources/icons/misc/poison_01.tres","4LUD","JV3G","CHNF"
92,"Steal","0",,"res://resources/icons/gloves/steal.tres","WK5Q","RZS8","53V0"
93,"Steal","0",,"res://resources/icons/gloves/steal.tres","LYDW","MSWJ","ZCRM"
94,"Steal","0",,"res://resources/icons/gloves/steal.tres","PA77","O8LE","TEGF"
95,"Steal","0",,"res://resources/icons/gloves/steal.tres","WRIS","IJPH","KAQ2"
96,"Steal","0",,"res://resources/icons/gloves/steal.tres","JCYY","TE1A","2NMI"
97,"Spring Tide","0",,"res://resources/icons/food/lard.tres","WTVA","K9R1","FNLG"
98,"Splash","0",,"res://resources/icons/trinkets/trinket_02.tres","Q5KO","XE6Y","KQVQ"
99,"Serpent Ward","800","CREEPS","res://resources/icons/tower_icons/small_serpent_ward.tres","5SM6","BR8N","P8VK"
100,"Purify","0",,"res://resources/icons/holy/white_trinket.tres","A5CO","YU03","ZG6P"
101,"Magical Barrage","0",,"res://resources/icons/tower_icons/charged_obelisk.tres","EI0U","QW0C","BDR2"
102,"Magical Barrage","0",,"res://resources/icons/tower_icons/charged_obelisk.tres","X693","82S6","UYQL"
103,"Slumbering Parasite","0",,"res://resources/icons/tower_icons/spider_queen.tres","6DXG","36PR","3CUE"
104,"Slumbering Parasite","0",,"res://resources/icons/tower_icons/spider_queen.tres","ZM36","QLA9","90NF"
105,"Slumbering Parasite","0",,"res://resources/icons/tower_icons/spider_queen.tres","89Y4","8CJB","MH4Z"
106,"Slumbering Parasite","0",,"res://resources/icons/tower_icons/spider_queen.tres","JH9O","0N7T","AVH4"
107,"Energetic Weapon","0",,"res://resources/icons/rockets/rocket_03.tres","OVIM","JV2P","BAWC"
108,"Energetic Weapon","0",,"res://resources/icons/rockets/rocket_03.tres","NOV0","A5RI","5XAB"
109,"Speed Cast","0",,"res://resources/icons/trinkets/trinket_01.tres","XUF0","VGWG","58QJ"
110,"Aqua Edge","0",,"res://resources/icons/animals/fish_02.tres","UPTO","9UQR","2FHG"
111,"Spread","0",,"res://resources/icons/magic/claw_02.tres","7I0A","Q0ZV","DEL1"
112,"Magic Boost","350","TOWERS","res://resources/icons/tower_icons/storm_battery.tres","68ST","E0YA","8DOF"
113,"Shadowbolt Wave","1000","CREEPS","res://resources/icons/tower_variations/meteor_totem_purple.tres","LPUI","O6PF","I8KI"
114,"Shadowbolt Wave","1000","CREEPS","res://resources/icons/tower_variations/meteor_totem_purple.tres","GD9N","UEOL","IJHQ"
115,"Elemental Wrath","0",,"res://resources/icons/scrolls/scroll_04.tres","Y9CI","GMRY","FQYO"
116,"Mimic","0",,"res://resources/icons/orbs/orb_ice_melting.tres","AE8P","N6S8","F59Y"
117,"Elemental Wrath","0",,"res://resources/icons/scrolls/scroll_04.tres","JAEN","7F7T","MHU5"
118,"Mimic","0",,"res://resources/icons/orbs/orb_ice_melting.tres","WK3B","UAHU","PXAB"
119,"Elemental Wrath","0",,"res://resources/icons/scrolls/scroll_04.tres","YP4N","297M","767C"
120,"Mimic","0",,"res://resources/icons/orbs/orb_ice_melting.tres","NA08","FGK7","LCGS"
121,"Elemental Wrath","0",,"res://resources/icons/scrolls/scroll_04.tres","14XI","TPL8","2F9M"
122,"Mimic","0",,"res://resources/icons/orbs/orb_ice_melting.tres","X7J0","HDHU","9ZEN"
123,"Elemental Wrath","0",,"res://resources/icons/scrolls/scroll_04.tres","W2N7","A1LZ","WT4P"
124,"Mimic","0",,"res://resources/icons/orbs/orb_ice_melting.tres","Q4AQ","BSPL","T4N4"
125,"Flaming Inferno","950","CREEPS","res://resources/icons/tower_icons/geothermal_extractor.tres","NYI5","LEPP","CP1B"
126,"Dragon's Hoard","0",,"res://resources/icons/misc/gold_cart.tres","5ONB","LSFW","B2Z1"
127,"Ultimate Fighter","0",,"res://resources/icons/weapons_misc/glaive_02.tres","07LV","IDGK","NED2"
128,"Maim","0",,"res://resources/icons/clubs/club_glowing.tres","Q960","L45J","2TR0"
129,"Rapid Gun Fire","0",,"res://resources/icons/cannons/cannon_05.tres","AHX3","U1GI","UX4A"
130,"Sentry","800","CREEPS","res://resources/icons/magic/eye.tres","Q126","48OA","05KF"
131,"Vicious Snow Ball","0",,"res://resources/icons/elements/storm.tres","BZE1","PYZW","LR2R"
132,"Vicious Snow Ball","0",,"res://resources/icons/elements/storm.tres","MLYX","NNUE","31KC"
133,"Vicious Snow Ball","0",,"res://resources/icons/elements/storm.tres","KZHE","E843","1F23"
134,"Twister","0",,"res://resources/icons/tower_icons/broken_circle_of_wind.tres","C5KR","ZA8K","A72R"
135,"Twister","0",,"res://resources/icons/tower_icons/broken_circle_of_wind.tres","FWZY","F7U5","FSII"
136,"Twin Attack","0",,"res://resources/icons/bows/arrow_02.tres","C7XA","GTDD","ZSDL"
137,"Phoenixfire","0",,"res://resources/icons/orbs/orb_molten.tres","WF2R","BME3","FPL5"
138,"Phoenix Explosion","0",,"res://resources/icons/elements/fire.tres","OVOU","ZZWH","8R6J"
139,"Twin Attack","0",,"res://resources/icons/bows/arrow_02.tres","QI1K","UQSK","3MSS"
140,"Phoenixfire","0",,"res://resources/icons/orbs/orb_molten.tres","I0DW","GZWS","MKZ4"
141,"Phoenix Explosion","0",,"res://resources/icons/elements/fire.tres","1PRS","1KAF","O55I"
142,"Twin Attack","0",,"res://resources/icons/bows/arrow_02.tres","8JEI","M1CQ","IR8L"
143,"Phoenixfire","0",,"res://resources/icons/orbs/orb_molten.tres","S6IJ","9P3O","QBUS"
144,"Phoenix Explosion","0",,"res://resources/icons/elements/fire.tres","I1JK","W7XR","XLAK"
145,"Frozen Thorn","0",,"res://resources/icons/trinkets/claw_03.tres","0RAR","YNLH","XP3D"
146,"Frozen Thorn","0",,"res://resources/icons/trinkets/claw_03.tres","B2U5","P6BJ","ALYF"
147,"Frozen Thorn","0",,"res://resources/icons/trinkets/claw_03.tres","CP8A","V698","FPYB"
148,"Frozen Thorn","0",,"res://resources/icons/trinkets/claw_03.tres","3KSY","Q11D","OS6R"
149,"Frozen Thorn","0",,"res://resources/icons/trinkets/claw_03.tres","QEF0","ZVMB","2NVD"
150,"Frozen Thorn","0",,"res://resources/icons/trinkets/claw_03.tres","2COF","WXCO","QZFN"
151,"Rejection","0",,"res://resources/icons/clubs/club_01.tres","G2RY","FYC9","43VR"
152,"Rejection","0",,"res://resources/icons/clubs/club_01.tres","GYYI","WRR2","8R80"
153,"Rejection","0",,"res://resources/icons/clubs/club_01.tres","8MZA","IZYE","CIVV"
154,"Rejection","0",,"res://resources/icons/clubs/club_01.tres","OFL2","9J3G","82F6"
155,"Mystical Storm Hammer","0",,"res://resources/icons/blunt_weapons/hammer_04.tres","LOE4","GPX3","VUQU"
156,"Storm Bolt","0",,"res://resources/icons/rockets/rocket_07.tres","JNCV","GMTY","YLS0"
157,"Sample Collection","0",,"res://resources/icons/mechanical/alchemy_kit_01.tres","9PNS","8K9E","DCSK"
158,"Omnislash","0",,"res://resources/icons/daggers/dagger_07.tres","3GWR","7L1O","A1ER"
159,"Magic Missile","0",,"res://resources/icons/tower_icons/charged_obelisk.tres","0YLC","P62A","X2Q8"
160,"Acid Coating","0",,"res://resources/icons/potions/potion_green_03.tres","EFCH","LUTI","0TCS"
161,"Acid Coating","0",,"res://resources/icons/potions/potion_green_03.tres","ZIO7","HU14","UARZ"
162,"Acid Coating","0",,"res://resources/icons/potions/potion_green_03.tres","DEBM","PIQN","H3EQ"
163,"Acid Coating","0",,"res://resources/icons/potions/potion_green_03.tres","948F","PCAM","5KNF"
164,"Acid Coating","0",,"res://resources/icons/potions/potion_green_03.tres","2NZU","I9BM","U9W1"
165,"Corpse Explosion","1000","CREEPS","res://resources/icons/undead/skull_doll.tres","Q36M","A5IX","13YG"
166,"Critical Mass","0",,"res://resources/icons/orbs/orb_fire.tres","YW7F","75Z1","CKZ2"
167,"Corpse Explosion","1000","CREEPS","res://resources/icons/undead/skull_doll.tres","TWIJ","2K56","N1LC"
168,"Critical Mass","0",,"res://resources/icons/orbs/orb_fire.tres","TZIS","ORNR","JVMV"
169,"Corpse Explosion","1000","CREEPS","res://resources/icons/undead/skull_doll.tres","1HVV","1I15","5F6Z"
170,"Critical Mass","0",,"res://resources/icons/orbs/orb_fire.tres","J27S","JWFZ","EDLO"
171,"Corpse Explosion","1000","CREEPS","res://resources/icons/undead/skull_doll.tres","O5L5","7DVY","BTB8"
172,"Critical Mass","0",,"res://resources/icons/orbs/orb_fire.tres","H48H","WDMX","NA5L"
173,"Atrophy","0",,"res://resources/icons/gloves/curse.tres","0WCV","EBKO","9OMC"
174,"Atrophy","0",,"res://resources/icons/gloves/curse.tres","Q8CC","4IUF","E9ZU"
175,"Atrophy","0",,"res://resources/icons/gloves/curse.tres","EQTN","2ZBQ","DA9P"
176,"Atrophy","0",,"res://resources/icons/gloves/curse.tres","TN25","C386","DQSC"
177,"Atrophy","0",,"res://resources/icons/gloves/curse.tres","HTQA","JF8R","FIGM"
178,"Glare","0",,"res://resources/icons/magic/eye_blue.tres","35TU","TEDI","UXM2"
179,"Rend","0",,"res://resources/icons/clubs/club_glowing.tres","6XBT","6IYM","R3BR"
180,"Rend","0",,"res://resources/icons/clubs/club_glowing.tres","SB85","0ALF","IK8I"
181,"Rend","0",,"res://resources/icons/clubs/club_glowing.tres","ES60","Z64Q","JF95"
182,"Rend","0",,"res://resources/icons/clubs/club_glowing.tres","FRXI","H9F8","Q6FL"
183,"Rend","0",,"res://resources/icons/clubs/club_glowing.tres","S70X","S8A6","D8LD"
184,"Rend","0",,"res://resources/icons/clubs/club_glowing.tres","QGPR","6BUK","GYBU"
185,"Devour","0",,"res://resources/icons/animals/dragon_04.tres","ULBA","QUWS","ZWQ0"
186,"Soul Split","0",,"res://resources/icons/undead/skull_phazing.tres","GVA8","LPM8","77N9"
187,"Soul Split","0",,"res://resources/icons/undead/skull_phazing.tres","E5K9","WUSY","YCDL"
188,"Soul Split","0",,"res://resources/icons/undead/skull_phazing.tres","GDLS","SRQD","R6VR"
189,"Soul Split","0",,"res://resources/icons/undead/skull_phazing.tres","EHA5","LE1K","KTM1"
190,"Piercing Shot","0",,"res://resources/icons/rockets/rocket_02.tres","FPQ5","6TAU","7OYM"
191,"Piercing Shot","0",,"res://resources/icons/rockets/rocket_02.tres","F6UG","5M96","NSYV"
192,"Piercing Shot","0",,"res://resources/icons/rockets/rocket_02.tres","HKFO","QOH3","99O7"
193,"Piercing Shot","0",,"res://resources/icons/rockets/rocket_02.tres","S6WG","FBQ0","0FAL"
194,"Energyball","0",,"res://resources/icons/tower_icons/storm_battery.tres","2KQ7","12WL","HQZH"
195,"Weak Spots","0",,"res://resources/icons/orbs/orb_ice_melting.tres","5AUH","1Q4C","54PL"
196,"Energy Detection","900","CREEPS","res://resources/icons/trinkets/trinket_10.tres","5YSX","46GC","69HM"
197,"Energyball","0",,"res://resources/icons/tower_icons/storm_battery.tres","L8H5","9IDO","QIC0"
198,"Weak Spots","0",,"res://resources/icons/orbs/orb_ice_melting.tres","BIYS","Z448","1Q9L"
199,"Energy Detection","900","CREEPS","res://resources/icons/trinkets/trinket_10.tres","NUHS","DYU2","G0WR"
200,"Zeal","0",,"res://resources/icons/holy/cross_01.tres","EU1H","CFGV","53J5"
201,"Lightning Shield","0",,"res://resources/icons/tower_icons/lightning_generator.tres","2RJN","4IUI","OOPA"
202,"Phase Blade","0",,"res://resources/icons/swords/sword_swing_02.tres","9ZP8","UV0E","GTQN"
203,"Zeal","0",,"res://resources/icons/holy/cross_01.tres","RXJU","GAWL","D7I3"
204,"Lightning Shield","0",,"res://resources/icons/tower_icons/lightning_generator.tres","4DA7","N00F","3VUQ"
205,"Phase Blade","0",,"res://resources/icons/swords/sword_swing_02.tres","OJM5","60FN","NUR9"
206,"Zeal","0",,"res://resources/icons/holy/cross_01.tres","WM2B","IB1D","ZFR5"
207,"Lightning Shield","0",,"res://resources/icons/tower_icons/lightning_generator.tres","0N7J","XOKG","S10Q"
208,"Phase Blade","0",,"res://resources/icons/swords/sword_swing_02.tres","LF95","94G9","OSWT"
209,"Zeal","0",,"res://resources/icons/holy/cross_01.tres","KSM0","6E21","ZFEP"
210,"Lightning Shield","0",,"res://resources/icons/tower_icons/lightning_generator.tres","NDOY","S8QA","6LH2"
211,"Phase Blade","0",,"res://resources/icons/swords/sword_swing_02.tres","GO5C","GUVF","5TMA"
212,"Silence","0",,"res://resources/icons/animals/dragon_02.tres","LDMJ","O3EO","5EAE"
213,"Void","0",,"res://resources/icons/tower_icons/small_bug_nest.tres","8EHA","H4AZ","BZCH"
214,"Silence","0",,"res://resources/icons/animals/dragon_02.tres","0AIF","R9TE","PSIL"
215,"Void","0",,"res://resources/icons/tower_icons/small_bug_nest.tres","GYET","WOTA","64ZM"
216,"Energetic Attack","0",,"res://resources/icons/swords/sword_swing_01.tres","IWLC","7HNE","5W1V"
217,"Energetic Attack","0",,"res://resources/icons/swords/sword_swing_01.tres","J317","2WCM","YOAG"
218,"Electrified Attack","0",,"res://resources/icons/trinkets/claw_03.tres","73CG","YQGB","YRQJ"
219,"Divine Hammer","0",,"res://resources/icons/blunt_weapons/hammer_02.tres","E2JY","4D1I","MLXN"
220,"Grow!","0",,"res://resources/icons/trinkets/trinket_09.tres","16EY","1J2B","F5CK"
221,"Landslide!","0",,"res://resources/icons/food/lard.tres","BI2C","KHGV","YNFZ"
222,"Crush!","500","TOWERS","res://resources/icons/tower_icons/black_rock_totem.tres","5GWE","8JN8","UPIN"
223,"Frag Grenade","0",,"res://resources/icons/misc/balls_02.tres","XM12","4BE0","W2GK"
224,"Frag Grenade","0",,"res://resources/icons/misc/balls_02.tres","A6JX","5J7D","K0RD"
225,"Warming Up","0",,"res://resources/icons/magic/fire.tres","09DO","ST7M","JMEP"
226,"Warming Up","0",,"res://resources/icons/magic/fire.tres","NMUT","VE26","U6MG"
227,"Warming Up","0",,"res://resources/icons/magic/fire.tres","29GU","XQL2","UULY"
228,"Warming Up","0",,"res://resources/icons/magic/fire.tres","YAV1","RCSH","WBN6"
229,"Warming Up","0",,"res://resources/icons/magic/fire.tres","SUPQ","2GJ6","D3NI"
230,"I Scale","0",,"res://resources/icons/magic/claw_01.tres","E4ZV","RZXU","MU9I"
231,"Electrify","0",,"res://resources/icons/electricity/electricity_yellow.tres","MB5S","Q29F","WJUQ"
232,"I Overcharge","0",,"res://resources/icons/mechanical/battery.tres","0OIX","SJFU","86PI"
233,"Fisherman's Net","0",,"res://resources/icons/food/lard.tres","J6HA","9E37","8ZAV"
234,"Fresh Fish!","500","TOWERS","res://resources/icons/animals/fish_01.tres","XCDI","ZIQQ","R9C2"
235,"Impatient","0",,"res://resources/icons/daggers/dagger_06.tres","OO03","NWC0","KDZW"
236,"Twin Flames","0",,"res://resources/icons/orbs/orb_fire.tres","VYB3","ZIIB","5KYE"
237,"Twin Pulses","900","CREEPS","res://resources/icons/tower_icons/fire_star.tres","00T7","CAGH","S9VI"
238,"Twin Disciplines","0",,"res://resources/icons/swords/greatsword_03.tres","JNFU","5CC3","SWZ0"
239,"Twin Flames","0",,"res://resources/icons/orbs/orb_fire.tres","9ERK","LKDB","3YTE"
240,"Twin Pulses","900","CREEPS","res://resources/icons/tower_icons/fire_star.tres","INRP","AZI6","99JG"
241,"Twin Disciplines","0",,"res://resources/icons/swords/greatsword_03.tres","1BBZ","YIP6","6UYT"
242,"Icy Touch","0",,"res://resources/icons/gloves/gloves_07.tres","FCY1","8MU6","MEMI"
243,"Frost Bolt","0",,"res://resources/icons/tower_variations/meteor_totem_blue.tres","91RZ","4IE4","LWP6"
244,"Cold Blood","0",,"res://resources/icons/potions/potion_10.tres","PD39","OIAP","XYG0"
245,"Dark Ritual","0",,"res://resources/icons/furniture/artifact_on_pedestal.tres","OYMS","WJ76","Q212"
246,"It Hunger","0",,"res://resources/icons/furniture/wooden_stand_with_nail.tres","R4GT","X2XA","TASJ"
247,"Mana Break","0",,"res://resources/icons/rockets/rocket_07.tres","E9KT","R58F","MED5"
248,"Mana Break","0",,"res://resources/icons/rockets/rocket_07.tres","5X7Y","1KQL","DNAA"
249,"Mana Break","0",,"res://resources/icons/rockets/rocket_07.tres","LVFQ","MZ42","DSIN"
250,"Mana Break","0",,"res://resources/icons/rockets/rocket_07.tres","LKT2","62WH","FW3C"
251,"Soul Consumption","0",,"res://resources/icons/gloves/curse.tres","BVN9","ZCJ4","W6QO"
252,"Soul Consumption","0",,"res://resources/icons/gloves/curse.tres","XRHP","0UAI","LU3P"
253,"Fear the Dark","0",,"res://resources/icons/undead/skull_06.tres","2GMB","L42P","62IC"
254,"Frozen Spears","0",,"res://resources/icons/spears/many_spears_02.tres","1ZYC","P5HJ","OH6E"
255,"Frozen Spears","0",,"res://resources/icons/spears/many_spears_02.tres","BUKD","Q7MW","S9AS"
256,"Frozen Spears","0",,"res://resources/icons/spears/many_spears_02.tres","AGCO","JO00","B1NC"
257,"Frozen Spears","0",,"res://resources/icons/spears/many_spears_02.tres","72YE","J2ER","P96M"
258,"Frozen Spears","0",,"res://resources/icons/spears/many_spears_02.tres","YRL0","228Q","CLWM"
259,"Rampage","0",,"res://resources/icons/misc/red_knight.tres","B66U","DYQO","U87B"
260,"Rampage","0",,"res://resources/icons/misc/red_knight.tres","I486","5XRS","QOJT"
261,"Rampage","0",,"res://resources/icons/misc/red_knight.tres","IA6K","RRPK","CHOP"
262,"Spellfire","0",,"res://resources/icons/scrolls/scroll_03.tres","KQ2F","6K8W","GQWR"
263,"Spellfire Projectiles","0",,"res://resources/icons/daggers/dagger_07.tres","1CFU","O7YA","IE5S"
264,"Spellfire","0",,"res://resources/icons/scrolls/scroll_03.tres","1VPP","CFYJ","3AVL"
265,"Spellfire Projectiles","0",,"res://resources/icons/daggers/dagger_07.tres","8GN9","5SIZ","C0EV"
266,"Spellfire","0",,"res://resources/icons/scrolls/scroll_03.tres","RKIL","7UBD","PYMF"
267,"Spellfire Projectiles","0",,"res://resources/icons/daggers/dagger_07.tres","902A","7DEL","0BWX"
268,"Thunderous Roar","420","TOWERS","res://resources/icons/animals/dragon_03.tres","2DY9","NJJ3","C029"
269,"Thunderous Roar","420","TOWERS","res://resources/icons/animals/dragon_03.tres","H28G","F7SI","EDZX"
270,"Thunderous Roar","420","TOWERS","res://resources/icons/animals/dragon_03.tres","KIDW","RO5H","V8ZY"
271,"Thunderous Roar","420","TOWERS","res://resources/icons/animals/dragon_03.tres","URBL","CVSZ","35W1"
272,"Thunderous Roar","420","TOWERS","res://resources/icons/animals/dragon_03.tres","4Z3C","PW59","92CI"
273,"Ice Smashing Axe","0",,"res://resources/icons/weapons_misc/axe_01.tres","F7S8","NDN3","KU25"
274,"Ice Coated Axes","0",,"res://resources/icons/weapons_misc/glaive_01.tres","U6T0","P8JF","ZUV9"
275,"Ice Smashing Axe","0",,"res://resources/icons/weapons_misc/axe_01.tres","AVSA","KYI6","2AN4"
276,"Ice Coated Axes","0",,"res://resources/icons/weapons_misc/glaive_01.tres","UVHZ","USWX","7S6W"
277,"Ice Smashing Axe","0",,"res://resources/icons/weapons_misc/axe_01.tres","TTDL","GLV3","DCZO"
278,"Ice Coated Axes","0",,"res://resources/icons/weapons_misc/glaive_01.tres","XCG5","PRAB","1G22"
279,"Leaf Storm","0",,"res://resources/icons/plants/leaf_01.tres","6U9B","TEIS","148F"
280,"Thorned!","950","CREEPS","res://resources/icons/tower_icons/razorboar_thornweaver.tres","AGA8","3WSD","MX4E"
281,"Valor's Light","800","CREEPS","res://resources/icons/tower_icons/small_light.tres","YJP5","DSZK","3F1T"
282,"Last Line of Defense","400","TOWERS","res://resources/icons/shields/shield_castle.tres","4I4K","321C","4C14"
283,"Dark Orbs","0",,"res://resources/icons/tower_icons/dark_battery.tres","CNBU","XLSS","30L7"
284,"Soul Conversion","0",,"res://resources/icons/shields/shield_with_emblem.tres","3OUY","MIOU","JJFK"
285,"Arcane Orb","0",,"res://resources/icons/tower_icons/dark_battery.tres","HPSQ","HIAE","143U"
286,"Grotesque Awakening","0",,"res://resources/icons/animals/bat_03.tres","KZX9","7F55","WHFK"
287,"Lightning Strike","0",,"res://resources/icons/electricity/lightning_glowing.tres","TCUO","R64B","60EY"
288,"Lightning Strike","0",,"res://resources/icons/electricity/lightning_glowing.tres","A16V","Q6B9","3LCD"
289,"Lightning Strike","0",,"res://resources/icons/electricity/lightning_glowing.tres","7P0Z","QTG4","YJFI"
290,"Lightning Strike","0",,"res://resources/icons/electricity/lightning_glowing.tres","X6G7","TKRG","X8VW"
291,"Lightning Strike","0",,"res://resources/icons/electricity/lightning_glowing.tres","HYWZ","ESB7","IDIS"
292,"Poisoned Heart","0",,"res://resources/icons/misc/poison_01.tres","1N2N","TGSF","F876"
293,"Poisoned Heart","0",,"res://resources/icons/misc/poison_01.tres","FH34","QK7F","RT3X"
294,"Poisoned Heart","0",,"res://resources/icons/misc/poison_01.tres","RX1N","4CMS","9JXT"
295,"Poisoned Heart","0",,"res://resources/icons/misc/poison_01.tres","T5BI","C02U","JBXI"
296,"Poisoned Heart","0",,"res://resources/icons/misc/poison_01.tres","NCFA","ZPUJ","RSSD"
297,"Aqua Breath","0",,"res://resources/icons/magic/lock_04.tres","6T31","R0HI","KLC0"
298,"Cold Blooded","0",,"res://resources/icons/gems/gem_03.tres","W9QB","7SN3","00N3"
299,"Splash","0",,"res://resources/icons/trinkets/trinket_02.tres","EQY2","5R3A","Q9FD"
300,"Aqua Breath","0",,"res://resources/icons/magic/lock_04.tres","8CMM","0IPK","5RA6"
301,"Cold Blooded","0",,"res://resources/icons/gems/gem_03.tres","PLOS","OXDF","G0E7"
302,"Splash","0",,"res://resources/icons/trinkets/trinket_02.tres","42GX","8B3R","8OGO"
303,"Aqua Breath","0",,"res://resources/icons/magic/lock_04.tres","ADV1","5L0G","PUHO"
304,"Cold Blooded","0",,"res://resources/icons/gems/gem_03.tres","7Y6O","BJQ6","QHEY"
305,"Splash","0",,"res://resources/icons/trinkets/trinket_02.tres","0CRE","86VN","Q7LW"
306,"Lightning Shock","0",,"res://resources/icons/electricity/lightning_glowing.tres","OOIJ","SWJB","EGZ4"
307,"Lightning Shock","0",,"res://resources/icons/electricity/lightning_glowing.tres","I1D1","6O1J","CUX3"
308,"Maledict","0",,"res://resources/icons/orbs/orb_shadow.tres","OVMY","19XQ","GYQA"
309,"Rampage of Pigs","0",,"res://resources/icons/food/pork_without_plate.tres","9NLA","W9TI","TN8X"
310,"Initiative","900","CREEPS","res://resources/icons/weapons_misc/barbed_spike.tres","9V6H","UEU3","V664"
311,"Rampage of Pigs","0",,"res://resources/icons/food/pork_without_plate.tres","MV25","L8XR","7TCX"
312,"Initiative","900","CREEPS","res://resources/icons/weapons_misc/barbed_spike.tres","C5XX","HE96","WY6V"
313,"Rampage of Pigs","0",,"res://resources/icons/food/pork_without_plate.tres","M9SA","9PXO","QBSV"
314,"Initiative","1400","CREEPS","res://resources/icons/weapons_misc/barbed_spike.tres","FXQI","WAUN","CJ5J"
315,"Storm Power","0",,"res://resources/icons/tower_icons/lightning_generator.tres","QMZ9","IIM3","ZGUH"
316,"Chaining Storm","0",,"res://resources/icons/electricity/thunderstorm.tres","15TP","MREA","RWFY"
317,"Cold","0",,"res://resources/icons/magic/eye_blue.tres","Z6BR","SDSU","BJEJ"
318,"Cold","0",,"res://resources/icons/magic/eye_blue.tres","LKWW","BW0E","9HHL"
319,"Phaze","0",,"res://resources/icons/mechanical/lamp.tres","DBW7","W7EH","7L29"
320,"Phaze","0",,"res://resources/icons/mechanical/lamp.tres","9G0E","9O86","E1F6"
321,"Phaze","0",,"res://resources/icons/mechanical/lamp.tres","IAON","AWKE","QHZ5"
322,"Phaze","0",,"res://resources/icons/mechanical/lamp.tres","EEJK","LM6I","Q19A"
323,"Phaze","0",,"res://resources/icons/mechanical/lamp.tres","ZI8T","5CIH","L4XA"
324,"Dimensional Distortion Field","800","CREEPS","res://resources/icons/dioramas/fountain.tres","X1JW","CT53","YZRI"
325,"Tomb's Curse","0",,"res://resources/icons/tower_variations/ash_geyser_purple.tres","XCR2","AB9T","0TW5"
326,"Tomb's Curse","0",,"res://resources/icons/tower_variations/ash_geyser_purple.tres","7PYF","C4GD","MSDL"
327,"Tomb's Curse","0",,"res://resources/icons/tower_variations/ash_geyser_purple.tres","2SB8","RAPF","JDL6"
328,"Tomb's Curse","0",,"res://resources/icons/tower_variations/ash_geyser_purple.tres","4FGM","BYY5","2RG5"
329,"Tomb's Curse","0",,"res://resources/icons/tower_variations/ash_geyser_purple.tres","NROW","8IIU","BA11"
330,"Tomb's Curse","0",,"res://resources/icons/tower_variations/ash_geyser_purple.tres","1TT6","6V19","8NE6"
331,"Wind of Death","0",,"res://resources/icons/elements/storm.tres","M5FN","I7ZS","EJEW"
332,"Wind of Death","0",,"res://resources/icons/elements/storm.tres","4HM2","ZAAH","A1OK"
333,"Wind of Death","0",,"res://resources/icons/elements/storm.tres","ITAT","036L","IJZI"
334,"Wind of Death","0",,"res://resources/icons/elements/storm.tres","XONF","F1OD","RB68"
335,"Wind of Death","0",,"res://resources/icons/elements/storm.tres","D2OA","S86O","7BQL"
336,"Insatiable Hunger","0",,"res://resources/icons/helmets/helmet_07.tres","ZYIQ","PC3G","BPCQ"
337,"Withering Presence","900","CREEPS","res://resources/icons/tower_icons/lesser_skeletal_mage.tres","1RE8","Z6TD","WC8H"
338,"Morphling Strike","900","CREEPS","res://resources/icons/misc/poison_01.tres","LL7M","VS8A","SGP9"
339,"Evolve","0",,"res://resources/icons/plants/tree.tres","6HWH","1WB9","DQI0"
340,"Frost","0",,"res://resources/icons/orbs/orb_ice.tres","9EIN","9JU6","ZPUU"
341,"Frost","0",,"res://resources/icons/orbs/orb_ice.tres","KFS6","4KEQ","BLGR"
342,"Frost","0",,"res://resources/icons/orbs/orb_ice.tres","CU63","G675","GFQD"
343,"Activate Trap","950","CREEPS","res://resources/icons/furniture/chest.tres","2H1Z","VTXC","MJ97"
344,"Activate Trap","950","CREEPS","res://resources/icons/furniture/chest.tres","CVCU","8J6U","5OSR"
345,"Activate Trap","950","CREEPS","res://resources/icons/furniture/chest.tres","4UMO","F1CH","HD9R"
346,"Activate Trap","950","CREEPS","res://resources/icons/furniture/chest.tres","N0XA","8JIX","8I9S"
347,"Activate Trap","950","CREEPS","res://resources/icons/furniture/chest.tres","RWYW","4ZC5","IOJ4"
348,"Mana Feed","0",,"res://resources/icons/magic/magic_stone.tres","RAR4","UI2L","R8X5"
349,"Lightning Burst","0",,"res://resources/icons/electricity/lightning_circle_white.tres","GPEU","FLC2","M08N"
350,"Mana Feed","0",,"res://resources/icons/magic/magic_stone.tres","MMGO","8Y3H","KPLA"
351,"Lightning Burst","0",,"res://resources/icons/electricity/lightning_circle_white.tres","NQ06","WTGQ","SYF5"
352,"Mana Feed","0",,"res://resources/icons/magic/magic_stone.tres","T3PC","QD6I","921L"
353,"Lightning Burst","0",,"res://resources/icons/electricity/lightning_circle_white.tres","0X76","KWDX","C75I"
354,"Mana Feed","0",,"res://resources/icons/magic/magic_stone.tres","TF6Y","XW5D","GEH3"
355,"Lightning Burst","0",,"res://resources/icons/electricity/lightning_circle_white.tres","6BEH","22L5","UWKL"
356,"Faerie Fire","0",,"res://resources/icons/plants/flower_06.tres","58U9","X3GA","LW5M"
357,"Faerie Fire","0",,"res://resources/icons/plants/flower_06.tres","H9JZ","FEXA","U4Z7"
358,"Faerie Fire","0",,"res://resources/icons/plants/flower_06.tres","Y8RC","VSXW","S8IE"
359,"Blood Spill","200","TOWERS","res://resources/icons/helmets/helmet_06.tres","WTNT","S7Q5","GK7E"
360,"Blood Spill","200","TOWERS","res://resources/icons/helmets/helmet_06.tres","N67K","SSDO","IGZD"
361,"Shadow Glaive","0",,"res://resources/icons/daggers/dagger_07.tres","PYCC","9W1I","2PG3"
362,"Star Glaive","0",,"res://resources/icons/swords/greatsword_01.tres","SKOO","1KVC","95CI"
363,"Shadow Glaive","0",,"res://resources/icons/daggers/dagger_07.tres","29AY","V9WD","QYRB"
364,"Star Glaive","0",,"res://resources/icons/swords/greatsword_01.tres","KW2V","S6MK","06AG"
365,"Shadow Glaive","0",,"res://resources/icons/daggers/dagger_07.tres","5YYS","WXUM","762U"
366,"Star Glaive","0",,"res://resources/icons/swords/greatsword_01.tres","DZNE","0LTJ","DGLH"
367,"Corruption","0",,"res://resources/icons/tower_variations/meteor_totem_purple.tres","FGDL","Q299","FF9V"
368,"Corruption","0",,"res://resources/icons/tower_variations/meteor_totem_purple.tres","DR3J","Y5QT","Y28V"
369,"Corruption","0",,"res://resources/icons/tower_variations/meteor_totem_purple.tres","PVLB","MMAD","3MF0"
370,"Poison","0",,"res://resources/icons/potions/potion_green_02.tres","FXS6","KTYN","D411"
371,"Poison","0",,"res://resources/icons/potions/potion_green_02.tres","OLWH","6EJU","UMR0"
372,"Poison","0",,"res://resources/icons/potions/potion_green_02.tres","Q218","1IJI","Y73R"
373,"Incinerate","0",,"res://resources/icons/tower_icons/ash_geyser.tres","A9IG","C78P","ECZ4"
374,"Incinerate","0",,"res://resources/icons/tower_icons/ash_geyser.tres","15T3","K7O2","L6I8"
375,"Incinerate","0",,"res://resources/icons/tower_icons/ash_geyser.tres","65EM","G8GM","MO0I"
376,"Electrify","0",,"res://resources/icons/electricity/electricity_yellow.tres","JXTJ","ULF9","PTRW"
377,"Electrify","0",,"res://resources/icons/electricity/electricity_yellow.tres","DHBE","5CXL","LIMY"
378,"Electrify","0",,"res://resources/icons/electricity/electricity_yellow.tres","MFYY","AXWC","5FTT"
379,"Wrath of Ymir","0",,"res://resources/icons/animals/dragon_05.tres","NZ36","8FC2","1NFG"
380,"Blood of Ymir","900","CREEPS","res://resources/icons/gems/gem_07.tres","EI96","3TST","TB07"
381,"Reimbursement","0",,"res://resources/icons/mechanical/gold_machine.tres","PPQU","GU51","EC8C"
382,"Probability Field Emitter","500","TOWERS","res://resources/icons/dioramas/fountain.tres","2ZYR","PLI0","DYHR"
383,"Clockwork Engineer","500","TOWERS","res://resources/icons/mechanical/mech_badge.tres","K52E","AYLV","KNWC"
384,"Goblin Sapper","0",,"res://resources/icons/faces/mech_zombie.tres","MZYZ","FCZ9","YQHF"
385,"Burn!","0",,"res://resources/icons/fire/fire_bowl_02.tres","63IX","VAGE","UDXX"
386,"Double the Trouble","0",,"res://resources/icons/cannons/cannon_05.tres","PAEK","SOWZ","XB19"
387,"Soul Scattering","0",,"res://resources/icons/gloves/curse.tres","B2TJ","N5OA","F6QU"
388,"Shadowstrike","0",,"res://resources/icons/swords/sword_swing_02.tres","5K3B","Q1DG","B6WT"
389,"Soul Scattering","0",,"res://resources/icons/gloves/curse.tres","EVUP","NC14","X6K0"
390,"Shadowstrike","0",,"res://resources/icons/swords/sword_swing_02.tres","WYE8","II4T","F8J7"
391,"Soul Scattering","0",,"res://resources/icons/gloves/curse.tres","730D","FMP5","DTKY"
392,"Shadowstrike","0",,"res://resources/icons/swords/sword_swing_02.tres","1QVR","I98A","5M8C"
393,"Soul Scattering","0",,"res://resources/icons/gloves/curse.tres","UCN3","P8DX","7B1W"
394,"Shadowstrike","0",,"res://resources/icons/swords/sword_swing_02.tres","YFI2","WIMJ","Q4LG"
395,"Fungus Strike","0",,"res://resources/icons/tower_icons/razorboar_thornweaver.tres","ZTNY","HSTZ","B69D"
396,"Rapid Growth","0",,"res://resources/icons/tower_icons/baby_plant.tres","GBQR","C9NJ","EAGD"
397,"Chain Lightning","0",,"res://resources/icons/electricity/thunderstorm.tres","TIHX","4TI2","HKG8"
398,"Force Attack","0",,"res://resources/icons/tower_icons/charged_obelisk.tres","3U9L","60QJ","7M0W"
399,"Chain Lightning","0",,"res://resources/icons/electricity/thunderstorm.tres","IWPA","APJS","WQTI"
400,"Force Attack","0",,"res://resources/icons/tower_icons/charged_obelisk.tres","JPFD","76N5","P1Z2"
401,"Chain Lightning","0",,"res://resources/icons/electricity/thunderstorm.tres","5W16","HO02","KE06"
402,"Force Attack","0",,"res://resources/icons/tower_icons/charged_obelisk.tres","BJT7","VF1K","QCOC"
403,"Chain Lightning","0",,"res://resources/icons/electricity/thunderstorm.tres","7X1R","L9Z0","G5J7"
404,"Force Attack","0",,"res://resources/icons/tower_icons/charged_obelisk.tres","21WQ","GFP5","PKSX"
405,"Burst Lightning","0",,"res://resources/icons/electricity/thunderstorm.tres","AOV1","5XZO","F3WC"
406,"Burst Lightning","0",,"res://resources/icons/electricity/thunderstorm.tres","WOLW","ZU8A","24XC"
407,"Burst Lightning","0",,"res://resources/icons/electricity/thunderstorm.tres","ARN1","5TM3","FFRA"
408,"Burst Lightning","0",,"res://resources/icons/electricity/thunderstorm.tres","OAVI","1MIC","NDB6"
409,"Afterglow","0",,"res://resources/icons/gloves/heal.tres","K5B8","5UE0","S5Y0"
410,"Afterglow","0",,"res://resources/icons/gloves/heal.tres","E2CC","XR5V","Y4CC"
411,"Afterglow","0",,"res://resources/icons/gloves/heal.tres","VE5Q","DIKR","0QXY"
412,"Afterglow","0",,"res://resources/icons/gloves/heal.tres","RFPN","WFG6","Y703"
413,"Afterglow","0",,"res://resources/icons/gloves/heal.tres","13VP","C3LK","UK3J"
414,"Protectress's Wrath","0",,"res://resources/icons/plants/leaf_01.tres","XXRO","NT2V","WA7N"
415,"Meld with the Forest","0",,"res://resources/icons/faces/sleeping_leaf_spirit.tres","Z8NI","PFMV","Z79U"
416,"Power Surge","0",,"res://resources/icons/electricity/electricity_yellow.tres","AKMC","YCA4","HCXD"
417,"Absorb Energy","0",,"res://resources/icons/undead/skull_phazing.tres","5X99","SNK6","G3RA"
418,"Energy Acceleration","0",,"res://resources/icons/trinkets/trinket_10.tres","R0D1","D872","FHQH"
419,"Errant Tachyons","0",,"res://resources/icons/magic/fire.tres","AKH3","6CP9","6NRU"
420,"Energy Acceleration","0",,"res://resources/icons/trinkets/trinket_10.tres","FSVP","ECV8","IG7S"
421,"Errant Tachyons","0",,"res://resources/icons/magic/fire.tres","UQD7","NCJ2","K6A7"
422,"Energy Acceleration","0",,"res://resources/icons/trinkets/trinket_10.tres","G8EI","X7VR","382K"
423,"Errant Tachyons","0",,"res://resources/icons/magic/fire.tres","G9Z8","6A9Z","7VTT"
424,"Special Training","0",,"res://resources/icons/books/book_06.tres","09RL","QLMT","LZ76"
425,"Helicopter Zone","1000","CREEPS","res://resources/icons/armor/vest_02.tres","IMC6","NACI","0VQZ"
426,"Fireblossom","0",,"res://resources/icons/plants/flower_02.tres","EVVG","R3AJ","I4QT"
427,"Fireblossom","0",,"res://resources/icons/plants/flower_02.tres","DYU9","QMQX","J1MW"
428,"Fireblossom","0",,"res://resources/icons/plants/flower_02.tres","7XSU","WZYQ","KH0X"
429,"Fireblossom","0",,"res://resources/icons/plants/flower_02.tres","TLXO","SVNL","NACD"
430,"Fireblossom","0",,"res://resources/icons/plants/flower_02.tres","8VWF","2Y8J","83G2"
431,"Fireblossom","0",,"res://resources/icons/plants/flower_02.tres","UYKG","4Q7B","7E2Q"
432,"Moths of Prey","0",,"res://resources/icons/animals/bat_03.tres","ZXVJ","SR8K","TA54"
433,"Rare Breed","110","TOWERS","res://resources/icons/magic/eyes_many.tres","015B","LFYO","R587"
434,"Moths of Prey","0",,"res://resources/icons/animals/bat_03.tres","HP4E","G5NW","1CZI"
435,"Rare Breed","110","TOWERS","res://resources/icons/magic/eyes_many.tres","CEDF","4X6F","Y2WT"
436,"Moths of Prey","0",,"res://resources/icons/animals/bat_03.tres","ZR7R","PKH6","CB3E"
437,"Rare Breed","110","TOWERS","res://resources/icons/magic/eyes_many.tres","RRJC","SP1K","9PSU"
438,"Cannon","0",,"res://resources/icons/cannons/cannon_07.tres","MIYH","56D1","Y61W"
439,"Soul Attack","0",,"res://resources/icons/tower_icons/mossy_acid_sprayer.tres","HF49","6KGV","ODTO"
440,"Panic","0",,"res://resources/icons/undead/skull_03.tres","3K8H","M6QG","M579"
441,"Lightning Strike","0",,"res://resources/icons/electricity/lightning_glowing.tres","2H76","BXIR","PPCH"
442,"Lightning Strike","0",,"res://resources/icons/electricity/lightning_glowing.tres","MJHL","1RQM","9O9W"
443,"Hail of Axes","0",,"res://resources/icons/hud/recipe_reassemble.tres","8Q9G","JCWG","DQPT"
444,"Hail of Axes","0",,"res://resources/icons/hud/recipe_reassemble.tres","9T7U","0BQS","E2GS"
445,"Hail of Axes","0",,"res://resources/icons/hud/recipe_reassemble.tres","NOS4","HAHA","SJTB"
446,"Hail of Axes","0",,"res://resources/icons/hud/recipe_reassemble.tres","26QQ","6CK3","HCQS"
447,"Firestorm","0",,"res://resources/icons/tower_variations/mossy_acid_sprayer_red.tres","N1DB","ACM5","1WRK"
448,"Firestorm","0",,"res://resources/icons/tower_variations/mossy_acid_sprayer_red.tres","2JZC","2WZD","VZSN"
449,"Firestorm","0",,"res://resources/icons/tower_variations/mossy_acid_sprayer_red.tres","GEIW","E8SC","W25E"
450,"Firestorm","0",,"res://resources/icons/tower_variations/mossy_acid_sprayer_red.tres","TB08","03J2","8EEE"
451,"Versatile","0",,"res://resources/icons/weapons_misc/barbed_spike.tres","DS9R","LEBH","C0YP"
452,"Unleash","0",,"res://resources/icons/tower_icons/bronze_dragon_roost.tres","6B8H","US76","UK6X"
453,"Feed the Drakes","1000","CREEPS","res://resources/icons/undead/skull_04.tres","HEH6","H55Y","RSYO"
454,"Knowledge","600","TOWERS","res://resources/icons/dioramas/pyramid.tres","6NDN","4PUT","HI5L"
455,"Knowledge","600","TOWERS","res://resources/icons/dioramas/pyramid.tres","O7FE","Y41T","S0H1"
456,"Knowledge","600","TOWERS","res://resources/icons/dioramas/pyramid.tres","8H7S","174O","BE6U"
457,"Knowledge","600","TOWERS","res://resources/icons/dioramas/pyramid.tres","053L","QAK1","B94W"
458,"Knowledge","600","TOWERS","res://resources/icons/dioramas/pyramid.tres","WVJ4","SBE3","CU9B"
459,"Knowledge","600","TOWERS","res://resources/icons/dioramas/pyramid.tres","E868","8W7K","5GH7"
460,"Soulfire","0",,"res://resources/icons/fire/flame_purple.tres","U7TM","P90V","7TY1"
461,"Soul Consumption","0",,"res://resources/icons/tower_icons/dark_battery.tres","GQKV","U91V","R8FG"
462,"Uncontrollable Flames","0",,"res://resources/icons/hud/dice.tres","DNN9","2DZV","Z4RN"
463,"Lingering Flame","0",,"res://resources/icons/fire/fire_bowl_01.tres","LLQO","2CXG","AWAU"
464,"Feed the Flames","0",,"res://resources/icons/elements/fire.tres","USD8","HP6Q","NFHG"
465,"Lacerate","0",,"res://resources/icons/daggers/dagger_07.tres","R92O","F6JS","9T0D"
466,"Glaive Storm","0",,"res://resources/icons/daggers/dagger_02.tres","Q124","I1IH","9ZKJ"
467,"Bounder","0",,"res://resources/icons/daggers/dagger_04.tres","WEJI","M2UW","C4NT"
468,"Arcane Attraction","0",,"res://resources/icons/trinkets/trinket_10.tres","GQML","K89G","3ZU5"
469,"Surge","0",,"res://resources/icons/scrolls/scroll_08.tres","MWMT","KFKG","JYZZ"
470,"Mana Storm","0",,"res://resources/icons/electricity/thunderstorm.tres","QELP","4BIL","CDJ8"
471,"Icicles","0",,"res://resources/icons/gems/gem_03.tres","WEB6","X9L3","DYAP"
472,"Icy Bombardment","0",,"res://resources/icons/trinkets/claw_03.tres","FQWZ","VXB9","ZHEB"
473,"Frostburn","0",,"res://resources/icons/fire/flame_blue_glowing.tres","FUE1","7GP7","T53K"
474,"Eat the Dead","0",,"res://resources/icons/undead/skull_01.tres","W968","2ME6","35EV"
475,"Acid Goo","0",,"res://resources/icons/tower_icons/mossy_acid_sprayer.tres","G2K8","SM4C","VRPH"
476,"Tentacle Attack","1200","CREEPS","res://resources/icons/clubs/club_glowing.tres","7NNS","LN17","CDWQ"
477,"Icy Touch","0",,"res://resources/icons/tower_variations/ash_geyser_blue.tres","OAVP","P4XU","KT15"
478,"Icy Touch","0",,"res://resources/icons/tower_variations/ash_geyser_blue.tres","PVOF","F3EE","79BD"
479,"Icy Touch","0",,"res://resources/icons/tower_variations/ash_geyser_blue.tres","JSL1","MBZW","Z61M"
480,"Icy Touch","0",,"res://resources/icons/tower_variations/ash_geyser_blue.tres","EK2W","7Q88","6H27"
481,"Freezing Breath","0",,"res://resources/icons/elements/ice.tres","KJMU","RUKI","GKC6"
482,"Acid Skull","0",,"res://resources/icons/tower_variations/ash_geyser_green.tres","QZQ4","I4Q9","5LTO"
483,"Soulsteal","0",,"res://resources/icons/undead/skull_phazing.tres","MQLY","4J4D","PLL7"
484,"Heat Stroke","0",,"res://resources/icons/tower_icons/fire_star.tres","CUAD","JBGF","I4BT"
485,"Lava Attack","0",,"res://resources/icons/orbs/orb_fire.tres","O48Q","PB6C","0WER"
486,"Divine Knowledge","500","TOWERS","res://resources/icons/holy/white_trinket.tres","PMD9","37WS","BRTH"
487,"Rock Throw","0",,"res://resources/icons/tower_variations/mossy_acid_sprayer_gray.tres","7HOH","3EWF","ME5B"
488,"Rock Throw","0",,"res://resources/icons/tower_variations/mossy_acid_sprayer_gray.tres","EXJ1","RKJM","EJ1S"
489,"Rock Throw","0",,"res://resources/icons/tower_variations/mossy_acid_sprayer_gray.tres","XTGJ","CFY1","GMB3"
490,"Rock Throw","0",,"res://resources/icons/tower_variations/mossy_acid_sprayer_gray.tres","NJBS","7VD5","S4GC"
491,"Coconut Rain","0",,"res://resources/icons/orbs/orb_green.tres","XRB5","W1ZC","4YG0"
492,"Coconut Rain","0",,"res://resources/icons/orbs/orb_green.tres","V8K0","PLNU","34MX"
493,"Ice Shard","0",,"res://resources/icons/gems/gem_03.tres","LLVI","31ZI","W21H"
494,"Liquide Ice","0",,"res://resources/icons/potions/potion_10.tres","A09W","QEBS","CX8T"
495,"Overheat","0",,"res://resources/icons/orbs/orb_molten.tres","CJMN","NSCY","QIZ6"
496,"Overheat","0",,"res://resources/icons/orbs/orb_molten.tres","CUOP","YKFA","W9VW"
497,"Overheat","0",,"res://resources/icons/orbs/orb_molten.tres","VL0Z","FK26","572Y"
498,"Overheat","0",,"res://resources/icons/orbs/orb_molten.tres","PLGI","IF90","FSIK"
499,"Overheat","0",,"res://resources/icons/orbs/orb_molten.tres","UUNH","PPUM","Q6Y3"
500,"Feral Aggression","0",,"res://resources/icons/animals/rooster_warrior.tres","3V28","VF1U","Y9ND"
501,"Bloodthirst","0",,"res://resources/icons/potions/potion_red_03.tres","FMIB","T84S","Y3A9"
502,"Feral Aggression","0",,"res://resources/icons/animals/rooster_warrior.tres","KJ85","03MT","1KOR"
503,"Bloodthirst","0",,"res://resources/icons/potions/potion_red_03.tres","2T0N","MV1M","C5TL"
504,"Feral Aggression","0",,"res://resources/icons/animals/rooster_warrior.tres","AUN0","73QS","14NX"
505,"Bloodthirst","0",,"res://resources/icons/potions/potion_red_03.tres","P1TN","MB8W","HVFO"
506,"Absolute Zero","0",,"res://resources/icons/tower_icons/ebonfrost_crystal.tres","IYMI","0YA8","CYDG"
507,"Absolute Zero","0",,"res://resources/icons/tower_icons/ebonfrost_crystal.tres","VAJH","CVT7","07IC"
508,"Absolute Zero","0",,"res://resources/icons/tower_icons/ebonfrost_crystal.tres","1X8N","40GQ","EVSA"
509,"Hellfire","0",,"res://resources/icons/orbs/orb_fire.tres","T2YK","ZIOY","52HT"
510,"Liquid Fire","0",,"res://resources/icons/potions/potion_orange_03.tres","KWMK","J449","I943"
511,"Hot Coals","0",,"res://resources/icons/fire/fire_bowl_02.tres","007R","XF4P","8SKN"
512,"Hot Coals","0",,"res://resources/icons/fire/fire_bowl_02.tres","2WFB","3CR4","JCSG"
513,"Hot Coals","0",,"res://resources/icons/fire/fire_bowl_02.tres","2HHA","ZKTX","CWUP"
514,"Hot Coals","0",,"res://resources/icons/fire/fire_bowl_02.tres","H6T1","AL0I","Q294"
515,"Hot Coals","0",,"res://resources/icons/fire/fire_bowl_02.tres","IM84","OV8Y","HJIZ"
516,"Multiply Gold","0",,"res://resources/icons/mechanical/gold_machine.tres","6P5N","K3SX","T7J6"
517,"Multiply Gold","0",,"res://resources/icons/mechanical/gold_machine.tres","AMLR","TN4R","BSN8"
518,"Channel Energy","0",,"res://resources/icons/gems/earring_05.tres","RFYG","E9WF","745K"
519,"Channel Energy","0",,"res://resources/icons/gems/earring_05.tres","PAP7","Y87D","T45P"
520,"Cursed Attack","0",,"res://resources/icons/undead/skull_wand_02.tres","GODJ","AJT3","8HFY"
521,"Cursed Attack","0",,"res://resources/icons/undead/skull_wand_02.tres","Z7YA","1XAL","E7AN"
522,"Cursed Attack","0",,"res://resources/icons/undead/skull_wand_02.tres","26AY","SL05","DWOY"
523,"Inject Parasite","0",,"res://resources/icons/animals/spider_03.tres","DSRE","071Z","I1VY"
524,"Ignite","0",,"res://resources/icons/misc/teapot_04.tres","1WAT","DU21","LIAM"
525,"Ignite","0",,"res://resources/icons/misc/teapot_04.tres","PSS7","M284","FANB"
526,"Ignite","0",,"res://resources/icons/misc/teapot_04.tres","ZUUZ","AZF2","UEF4"
527,"Ignite","0",,"res://resources/icons/misc/teapot_04.tres","WUQW","WI5E","UQI0"
528,"Ignite","0",,"res://resources/icons/misc/teapot_04.tres","SGG5","WL4R","HHB1"
529,"Torture","0",,"res://resources/icons/tower_icons/ash_geyser.tres","URRG","H6HM","O991"
530,"Overload","0",,"res://resources/icons/electricity/lightning_circle_white.tres","SR1Q","C55Y","5QMM"
531,"Banish","0",,"res://resources/icons/magic/magic_stone_green.tres","WMFL","SMAC","6UPA"
532,"Banish","0",,"res://resources/icons/magic/magic_stone_green.tres","72DO","CPGK","S3MM"
533,"Banish","0",,"res://resources/icons/magic/magic_stone_green.tres","QO78","KSYO","74P0"
534,"Banish","0",,"res://resources/icons/magic/magic_stone_green.tres","EZ0O","U1AL","F4GP"
535,"Banish","0",,"res://resources/icons/magic/magic_stone_green.tres","HIG0","0VDV","J9I4"
536,"Glacial Wrath","0",,"res://resources/icons/tower_icons/genis_sage.tres","POUH","XG1J","PJW0"
537,"Grace","0",,"res://resources/icons/gloves/heal.tres","6IP1","0GK9","5BCN"
538,"Grace","0",,"res://resources/icons/gloves/heal.tres","DQGG","DV14","HVSX"
539,"Grace","0",,"res://resources/icons/gloves/heal.tres","DM6I","F3NM","8HU2"
540,"Grace","0",,"res://resources/icons/gloves/heal.tres","R716","IBTR","PA2S"
541,"Smite","0",,"res://resources/icons/electricity/lightning_glowing.tres","EYVQ","ZZKK","M7S6"
542,"Smite","0",,"res://resources/icons/electricity/lightning_glowing.tres","2FO1","F4LV","T4YJ"
543,"Smite","0",,"res://resources/icons/electricity/lightning_glowing.tres","7VX9","6E93","6LTW"
544,"Smite","0",,"res://resources/icons/electricity/lightning_glowing.tres","ID2K","WVW4","79DR"
545,"Smite","0",,"res://resources/icons/electricity/lightning_glowing.tres","9FSR","MERI","8E0U"
546,"Advanced Multishot","0",,"res://resources/icons/bows/bow_01.tres","SLUM","HX2N","40EN"
547,"Gift of the Forest","0",,"res://resources/icons/plants/plant_in_pot.tres","7C5U","RSAT","RLCN"
548,"Advanced Multishot","0",,"res://resources/icons/bows/bow_01.tres","006O","NLH8","B9GO"
549,"Gift of the Forest","0",,"res://resources/icons/plants/plant_in_pot.tres","ZCDL","A7BA","RI9D"
550,"Advanced Multishot","0",,"res://resources/icons/bows/bow_01.tres","F9KH","W4T6","51Q0"
551,"Gift of the Forest","0",,"res://resources/icons/plants/plant_in_pot.tres","MGUM","STNQ","Y78A"
552,"Pirates","0",,"res://resources/icons/tower_icons/dutchmans_grave.tres","7K0R","4D51","VC3K"
553,"Pirates","0",,"res://resources/icons/tower_icons/dutchmans_grave.tres","1TCN","7L3M","TJD2"
554,"Pirates","0",,"res://resources/icons/tower_icons/dutchmans_grave.tres","5E5D","14W4","SEOY"
555,"Pirates","0",,"res://resources/icons/tower_icons/dutchmans_grave.tres","QA3L","7DEP","LG5B"
556,"High Knowledge","0",,"res://resources/icons/books/book_07.tres","Q0AV","23JG","QL7C"
557,"High Knowledge","0",,"res://resources/icons/books/book_07.tres","XRQQ","M3T7","WXK7"
558,"High Knowledge","0",,"res://resources/icons/books/book_07.tres","98QB","JD1F","DQZF"
559,"High Knowledge","0",,"res://resources/icons/books/book_07.tres","XGUQ","RE12","YFBY"
560,"High Knowledge","0",,"res://resources/icons/books/book_07.tres","TZ50","50NF","0S2J"
561,"Goldrush","0",,"res://resources/icons/gems/gem_01.tres","OJ9H","MBNG","RVZ1"
562,"Excavation","0",,"res://resources/icons/misc/gold_cart.tres","COH7","ERN3","AMAG"
563,"Dire Instinct","0",,"res://resources/icons/shields/shield_wood_small_glowing.tres","XKZZ","FYTD","FCP2"
564,"Bone Shatter","0",,"res://resources/icons/swords/greatsword_01.tres","FMY6","Q1UD","522N"
565,"Embers","300","TOWERS","res://resources/icons/tower_icons/fiery_pebble.tres","YBSL","NNE4","ZJH3"
566,"Nova Storm","900","CREEPS","res://resources/icons/magic/claw_02.tres","DC58","W7O1","S63A"
567,"Nova Storm","900","CREEPS","res://resources/icons/magic/claw_02.tres","PBC2","TDMV","MGYJ"
568,"Nova Storm","900","CREEPS","res://resources/icons/magic/claw_02.tres","YMZF","KBC8","7P5W"
569,"Plague","0",,"res://resources/icons/undead/skull_04.tres","O2GW","0DUA","DHZ4"
570,"Army of the Damned","1150","CREEPS","res://resources/icons/shields/shield_skull.tres","PNNP","Y5W8","L08H"
571,"Dreadlord Slash","0",,"res://resources/icons/daggers/dagger_07.tres","AG4A","WHB5","PK49"
572,"Bloodsucker","0",,"res://resources/icons/gems/gem_07.tres","SDBP","KBX3","BLEB"
573,"Icy Curse","0",,"res://resources/icons/furniture/furniture.tres","IM5Y","IHXY","K4MG"
574,"Entangle","0",,"res://resources/icons/plants/branch_01.tres","HTLW","KVCV","SVB1"
575,"Wrath of the Storm","0",,"res://resources/icons/electricity/lightning_circle_cyan.tres","KAZE","ZYY2","R581"
576,"Wrath of the Storm","0",,"res://resources/icons/electricity/lightning_circle_cyan.tres","5TRV","6VVY","QX4J"
577,"Wrath of the Storm","0",,"res://resources/icons/electricity/lightning_circle_cyan.tres","6I0Q","WQBB","21FK"
578,"Wrath of the Storm","0",,"res://resources/icons/electricity/lightning_circle_cyan.tres","8YBX","FROL","L84O"
579,"Wrath of the Storm","0",,"res://resources/icons/electricity/lightning_circle_cyan.tres","JSVV","M2ME","MIKM"
580,"Planeshift","0",,"res://resources/icons/tower_icons/harpy_witch.tres","ZC39","DBI2","G328"
581,"Essence of the Mortals","0",,"res://resources/icons/dioramas/mountain.tres","XS6D","ASN2","9GIB"
582,"Toxic Vapor","0",,"res://resources/icons/mechanical/factory_fumes.tres","AW86","MWYM","TCDC"
583,"Toxic Vapor","0",,"res://resources/icons/mechanical/factory_fumes.tres","W4SA","X0PF","F2TF"
584,"Toxic Vapor","0",,"res://resources/icons/mechanical/factory_fumes.tres","MKPG","EV90","TM9P"
585,"Toxic Vapor","0",,"res://resources/icons/mechanical/factory_fumes.tres","HBCN","5Q4V","M96S"
586,"Burn","0",,"res://resources/icons/fire/torch.tres","OCV8","OZF8","QJKG"
587,"Burn","0",,"res://resources/icons/fire/torch.tres","C6BE","3LFC","PZDK"
588,"Burn","0",,"res://resources/icons/fire/torch.tres","6KGN","0OFV","GBGB"
589,"Burn","0",,"res://resources/icons/fire/torch.tres","70V8","IH7F","HMUF"
590,"Rocket Strike","0",,"res://resources/icons/rockets/rocket_01.tres","7IPO","9PMO","8SN1"
591,"Rocket Strike","0",,"res://resources/icons/rockets/rocket_01.tres","ZD5E","3V2T","U7RL"
592,"Rocket Strike","0",,"res://resources/icons/rockets/rocket_01.tres","JPHP","26AS","08AT"
593,"Rocket Strike","0",,"res://resources/icons/rockets/rocket_01.tres","8JKF","SC52","LU8Z"
594,"Blessed Weapon","0",,"res://resources/icons/holy/cross_01.tres","PYVL","RFWA","XUDE"
595,"Blessed Weapon","0",,"res://resources/icons/holy/cross_01.tres","X104","PR08","J9DK"
596,"Entangle","0",,"res://resources/icons/plants/branch_01.tres","ZDEY","ZZLR","20BR"
597,"Entangle","0",,"res://resources/icons/plants/branch_01.tres","55J7","M09J","GJJA"
598,"Entangle","0",,"res://resources/icons/plants/branch_01.tres","JRLE","HVMD","LVI7"
599,"Entangle","0",,"res://resources/icons/plants/branch_01.tres","E3U9","5M40","1CBP"
600,"Cold Feet","0",,"res://resources/icons/furniture/furniture.tres","VMH4","KLRD","6BVD"
601,"Cold Feet","0",,"res://resources/icons/furniture/furniture.tres","V79P","M0JF","QH0G"
602,"Cold Feet","0",,"res://resources/icons/furniture/furniture.tres","751T","ISLO","5QKW"
603,"Glacial Wrath","0",,"res://resources/icons/tower_icons/genis_sage.tres","383M","XF9Y","WP51"
604,"Glacial Wrath","0",,"res://resources/icons/tower_icons/genis_sage.tres","F5DX","PR1C","7VGU"
605,"Glacial Wrath","0",,"res://resources/icons/tower_icons/genis_sage.tres","CH41","RX43","UKJP"
606,"Glacial Wrath","0",,"res://resources/icons/tower_icons/genis_sage.tres","HTP2","KAAR","DDUB"
607,"Dire Instinct","0",,"res://resources/icons/shields/shield_wood_small_glowing.tres","R08H","RDX6","AILG"
608,"Bone Shatter","0",,"res://resources/icons/swords/greatsword_01.tres","JJTW","JXBZ","I3CC"
609,"Embers","300","TOWERS","res://resources/icons/tower_icons/fiery_pebble.tres","M1V6","M2GW","SM9B"
610,"Embers","300","TOWERS","res://resources/icons/tower_icons/fiery_pebble.tres","DN33","QMKJ","EU0A"
611,"Embers","300","TOWERS","res://resources/icons/tower_icons/fiery_pebble.tres","RCP2","VVGP","THXX"
612,"Embers","300","TOWERS","res://resources/icons/tower_icons/fiery_pebble.tres","90MN","XDFS","TTII"
