id,name,script name,type,author,rarity,cost,description,required wave level,icon atlas family,icon atlas num
33,Bomb Shells,Item33,regular,Neotopia,common,452,Simple Bomb Shells. Particulary effective against clusters of enemies.,32,2,0
234,Elegant Ring,Item234,regular,ShyGnome,common,495,Beautifully crafted and encrusted with pretty jewels.,35,3,0
176,Runed Wood,Item176,regular,drol,common,1042,Controlling the magic inside this piece of wood will grant the carrier immense power.,79,6,2
78,Inscribed Bark,Item78,regular,drol,common,36,Some words are vaguely written on this piece of bark.,0,8,0
75,Void Vial,Item75,regular,cedi,common,103,In this vial isn't even a spark of magic. That is really fearful for all magic creatures and caster.,4,8,2
79,Rusted Rifle,Item79,regular,drol,common,36,Not a very reliable weapon.,0,12,0
160,Young Thief's Cloak,Item160,regular,Majildian,common,156,This cloak imparts the knowledge of a young thief to the wearer.,8,13,0
99,Rusty Mining Pick,Item99,regular,Boekie,common,36,This mining pick helps with digging for items but it's not shiny anymore.,0,14,0
104,Old Crystal Ball,Item104,regular,Majildian,common,151,This item allows the wielder to see items others cannot.,8,14,1
94,Mining Lamp,Item94,regular,drol,common,1047,Makes valueable ores glitter in the dark.,79,14,4
70,Collection of Stories,Item70,regular,drol,common,60,Some can teach you more than others.,0,16,0
135,Training Manual,Item135,regular,Majildian,common,154,A book about the basics of combat.,8,16,1
37,Mini Sheep,Item37,regular,Boekie,common,517,"This sheep is hexed by a wizard, it's so small that you can put it in your pocket.",37,17,1
173,Railgun,Item173,regular,drol,common,1047,Hits from this gun can be quite a punch.,79,17,2
172,Sacred Halo,Item172,regular,drol,common,1092,Surrounds the head of the carrier with a ring of light.,83,17,0
155,Holy Axe,Item155,regular,Boekie,common,36,Increases the tower ' s damage against undead.,0,18,0
169,Tree Branch,Item169,regular,Boekie,common,36,Increases the tower's damage against orcs.,0,19,0
177,Undead Claws,Item177,regular,Boekie,common,36,Increases the tower ' s damage against nature.,0,21,0
277,Assassination Arrow,Item277,regular,drol,common,133,A deadly arrow specialy crafted for assassination.,6,22,0
185,Sniper,Item185,regular,Boekie,common,36,Increases the tower's damage against bosses.,0,23,0
16,Ninja Glaive,Item16,regular,Boekie,common,390,An item used by ninjas to silently kill enemies.,27,23,1
93,Gift of the Wild,Item93,regular,drol,common,1019,Bolsters the reciever with resistance against the dangers of nature.,77,25,1
66,Fancy Lights,Item66,regular,cedi,common,67,Could that be fairy dust?,1,26,0
29,Scroll of Myths,Item29,regular,Boekie,common,293,This mythical item is created by a nightelf wizard.,19,26,1
65,Fairy's Wand,Item65,regular,cedi,common,56,"Huh, it glowes. Maybe because of the batteries I put in.",0,27,0
47,Mana Shell,Item47,regular,drol,common,154,This shell once was a home of a magic creature.,8,27,1
69,Ledger,Item69,regular,drol,common,56,Its pages mostly contain faded words.,0,28,1
147,Dull Gem,Item147,regular,Majildian,common,154,A gem that makes the carrier hunger for more wealth.,8,28,0
38,Pirate Map,Item38,regular,Boekie,common,729,"This map has an x on it, maybe a treasure is located there?",54,29,0
67,Floating Mark,Item67,regular,cedi,common,177,The mark shows you where you really damage the enemy.,10,30,0
68,Blunt Club,Item68,regular,drol,common,79,Not a very effective weapon.,2,30,2
11,Land Mine,Item11,regular,Boekie,common,275,This brutal weapon increases damage but is not very effective against air units.,18,32,0
21,Orc War Spear,Item21,regular,Boekie,common,486,This spear is used by barbaric orc warriors.,34,33,1
39,Piece of Meat,Item39,regular,Boekie,common,567,This giant piece of meat is the favorite of very hungry warriors.,41,33,0
80,Short Sword,Item80,regular,Boekie,common,56,Increases the tower ' s attack damage.,0,34,0
64,Small Stone,Item64,regular,cedi,common,70,Don't throw stones! A more experienced thrower can deal huge damage with it.,1,34,1
168,Scarab Amulet,Item168,regular,drol,common,210,Energizes the spirit of the carrier.,12,34,2
2,Claws of Attack,Item2,regular,Boekie,common,632,Increases attackdamage,46,34,3
71,Old Spear,Item71,regular,drol,common,60,Has had its best time.,0,36,0
143,Blunt Dagger,Item143,regular,Majildian,common,145,A dagger better suited to bashing than stabbing.,7,36,1
72,Primitive Flute,Item72,regular,drol,common,60,"Though primitive, this flute contains some magic.",0,38,0
129,Plain Staff,Item129,regular,Majildian,common,151,A basic staff that amplifies spells channeled through it.,8,38,1
36,Magic Branch,Item36,regular,Boekie,common,517,This tree branch was cut from a magic tree.,37,41,0
189,Heavy Crossbow,Item189,regular,drol,common,680,Bolts of this crossbow deliver quite a punch to your enemies.,50,42,2
73,Wooden Leg,Item73,regular,drol,common,60,Worthless if you still have two legs.,0,43,0
98,Faded Gloves,Item98,regular,Majildian,common,151,A set of old gloves that have lost most of their power.,8,43,1
57,Electrified Horseshoe,Item57,regular,Neotopia,common,1047,This metal Horseshoe sparkles and glimmers with power.,79,43,3
91,Shimmerweed,Item91,regular,drol,common,964,Orcs fear this magical weed.,73,44,1
92,Inscribed Pebble,Item92,regular,drol,common,1092,The inscription of the pebble seems to radiate some magic.,83,44,2
15,Outworn Spell Book,Item15,regular,Boekie,common,197,A lot of ancient spells were explained in this book but almost everything is gone now.,11,46,1
113,Small Orb,Item113,regular,Majildian,common,154,A tiny dim orb.,8,46,2
89,Dull Axe,Item89,regular,Majildian,common,154,An axe that would have a hard time chopping down trees.,8,47,0
121,Basic Wand,Item121,regular,Majildian,common,157,A wand for beginner magicians.,8,48,0
153,Ring of Luck,Item153,regular,Majildian,common,151,Wearing this ring increases luck.,8,50,1
163,Skull Trophy,Item163,regular,drol,common,147,Gained upon victory over an enemy.,7,52,0
164,Tooth Trophy,Item164,regular,drol,common,623,"Serving as proof of merit, this item displays the courage of the owner.",45,52,1
157,Enchanted Bird Figurine,Item157,regular,drol,common,1092,"Once the property of witches and shamans, this figurine now unveils its secrets to you.",83,59,3
106,Spider Silk,Item106,regular,Neotopia,common,263,Can be thrown on flying enemies to deal additional damage.,17,62,0
40,Gargoyle Wing,Item40,regular,Boekie,common,640,This piece of wing belonged to a gargoyle statue.,47,62,1
12,Magical Essence,Item12,regular,Boekie,common,452,This essence is used by the nightelfs to increase their mana.,32,75,2
107,Troll Voodoo Mask,Item107,regular,Neotopia,common,831,Still contains the magic of the medicine man who once carried this mask.,62,75,0
271,Magic Gloves,Item271,regular,Boekie,common,150,These magic gloves add minor magic powers to each attack.,8,88,0
233,Strange Item,Item233,regular,Deemzul,common,256,This item has a strange smell.,16,90,0
152,Writer's Knowledge,Item152,regular,poussix,rare,250,Sometimes words are stronger than weapons.,7,0,1
174,Essence of Rot,Item174,regular,Majildian,rare,1300,An undefinable object that leaches the livelihood of any nearby creature.,53,1,1
251,Arcane Script,Item251,regular,Finger of Destiny,rare,200,Oooh! What are these ancient scribings?,4,4,3
217,Share Knowledge,Item217,regular,SternBogen,rare,350,Share your knowledge with others!,11,4,4
165,Basics of Calculus,Item165,regular,drol,rare,425,"Contains all information you need to perfect your attack, in a very abstract way.",14,4,0
206,Mindleecher,Item206,regular,Majildian,rare,750,"A powerful item normally used to transfer knowledge from old wizards to young ones, this one has been corrupted so that it works on anything.",29,4,2
222,Book of Knowledge,Item222,regular,Boekie,rare,500,Grants the tower bonus experience.,18,5,1
242,Old Hunter,Item242,regular,Guennter,rare,1000,"""I will teach you, what hunting is like!""",40,5,2
32,Phoenix Egg,Item32,regular,drol,rare,1656,Still burning hot!,69,6,3
212,Shining Rock,Item212,regular,Deemzul,rare,320,"With this rock, you can shine like Danny.",10,10,1
8,Enchanted Mining Pick,Item8,regular,Boekie,rare,1090,This mining pick is excellent at finding items but it's not a very good combat weapon.,44,15,1
49,Scepter of the Lunar Light,Item49,regular,drol,rare,1708,Faintly glows in the dark.,71,17,3
133,The Sucona,Item133,regular,cedi,rare,1788,Superior Undead Claws of Nature Annihilation. Yay.,75,20,1
239,Secret Tome of Mana,Item239,regular,hokkei,rare,1788,"This magical tome greatly increase one's capacity for mana, even if it quickly drains it.",75,27,3
186,Liquid Gold,Item186,regular,drol,rare,447,Boosts damage with a drawback.,15,31,1
146,Toy Boy,Item146,regular,cedi,rare,1970,"Play with me, or I will kill you.",83,31,2
278,Amulet of Strength,Item278,regular,LordHellHunter,rare,2094,Increases damage and crit-chance of the tower.,89,37,0
101,Thunder Gloves,Item101,regular,cedi,rare,1924,"Shocking, right?",81,41,1
238,Secret Tome of Magic,Item238,regular,hokkei,rare,790,"This magical tome greatly magnifies the strength of one's spells, at the expense of the loss of accuracy.",31,46,4
283,Shackles of Time,Item283,regular,drol,rare,1340,"These shackles manipulate time, giving the wielder a better chance at using his powers.",55,50,4
237,Enchanted Gear,Item237,regular,Boekie,rare,1656,"An old, enchanted gear that increases speed and trigger chances.",69,51,1
171,Eternium Blade,Item171,regular,Majildian,rare,2135,"A blade forged from the strongest metal, capable of cutting through anything.",90,52,3
50,Magic Hammer,Item50,regular,F12ight,rare,150,The magical hammer radiates power.,2,53,0
156,Sign of Energy Infusion,Item156,regular,cedi,rare,630,This sign is able to infuse attacks with regeneration.,24,53,1
262,Granite Hammer,Item262,regular,Boekie,rare,1000,"This hammer is heavy, but when it hits it's devastating.",40,53,3
188,Staff of the Wild Equus,Item188,regular,drol,rare,350,While wielding this staff a vast power becomes part of you.,11,54,2
180,Libram of Grace,Item180,regular,drol,rare,250,"Carrying this around makes you at ease, gaining more experience from combat.",7,55,0
197,Magnetic Field,Item197,regular,DaveMatthews,rare,1000,Increases buff duration and reduces debuff duration of nearby towers.,40,55,2
126,Forcefield Generator,Item126,regular,drol,rare,1600,Negates all offensive magic in an area.,67,55,3
22,Divine Shield,Item22,regular,Boekie,rare,992,This divine shield protects the user from hazardous spells.,40,58,1
23,Love Potion,Item23,regular,Boekie,rare,1333,"This potion was made by a witch, it enhances the magic powers of the user.",55,59,2
203,Sword of Reckoning,Item203,regular,drol,rare,400,Increases the damage nearby towers deal to undead creeps.,13,61,0
205,Sword of Decay,Item205,regular,drol,rare,400,Increases the damage nearby towers deal to nature creeps.,13,61,1
228,Bloody Key,Item228,regular,Finger of Destiny,rare,1000,It echoes grand wars of the past.,40,61,2
48,Lucky Dice,Item48,regular,Majildian,rare,1867,A bag of enchanted dice that increase the tower's chances.,78,67,3
213,Lich Mask,Item213,regular,cedi,rare,450,They make great party favor! Although they do melt your face off.,16,68,0
214,Brimstone Helmet,Item214,regular,cedi,rare,450,Never ask an abstinent dwarfen smith for a custom-fitted helmet.,16,68,1
272,Scroll of Strength,Item272,regular,Boekie,rare,500,,18,69,0
273,Scroll of Speed,Item273,regular,Boekie,rare,500,,18,69,1
76,Claws of Ursus,Item76,regular,drol,rare,1161,"These claws are said to be of Ursus himself, still containing a part of his power.",47,70,1
260,Crystalline Arrow,Item260,regular,Boekie,rare,540,An arrow made of crystal. It is not very strong but it always hits a weak spot.,20,71,0
167,Never-ending Keg,Item167,regular,cedi,rare,1177,"Woot, you feel already drunk because you touched the keg?",48,71,1
154,Elite Sharp Shooter,Item154,regular,SternBogen,rare,1656,Take your time to make a deadly Elite Sharp Shot!,69,71,2
258,Spear of the Malphai,Item258,regular,Khlox-NL-,rare,1826,This spear is known for its ability to strike an enemy repeatedly in a weak spot.,77,71,3
221,Eye of True Sight,Item221,regular,cedi,rare,550,This eye is a magical artefact created to hunt and kill invisible creatures.,20,72,1
105,Spiderling,Item105,regular,Boekie,rare,50,A small but poisonous critter.,0,73,0
122,Medallion of Opulence,Item122,regular,Chronos,rare,250,This medallion allows its wearer to imbue his strikes with gold.,7,74,1
231,Currency Converter,Item231,regular,Finger of Destiny,rare,0,Converts your experience into gold.,0,77,0
244,Arms Dealer,Item244,regular,limfa,rare,80,He can get rid of your illegal arms.,0,82,0
120,Purifying Gloves,Item120,regular,drol,rare,150,"Mends every wound, hurts every villain.",2,86,0
246,Haunted Hand,Item246,regular,Sunken,rare,342,"A haunted hand with a mind of it's own, it attacks with reckless fervor.",11,93,0
127,Crescent Stone,Item127,regular,drol,rare,400,The runes inscribed on this stone light up at full moon.,13,94,0
14,Fist of Doom,Item14,regular,Boekie,rare,536,This item grants the user enormous demonic powers but at a great cost.,19,99,0
181,Bloodthirsty Wheel of Fortune,Item181,regular,Palandu,rare,540,This wheel can only be spun when oiled with a victim's blood.,20,100,0
276,Phase Gloves,Item276,regular,Boekie,rare,550,The carrier of this item deals a small amount of its attack damage as spelldamage.,20,101,0
179,Ritual Talisman,Item179,regular,drol,rare,576,Used in mystical shamanistic rituals.,21,103,0
130,Hippogryph Egg,Item130,regular,drol,rare,600,Spawns a hippogryph who fights for the carrier.,22,104,0
161,Commander,Item161,regular,SternBogen,rare,612,Get ready to attack ...,23,105,0
202,Optimist's Preserved Face,Item202,regular,cedi,rare,650,"The thing above my fireplace? Ye, that was my first optimist.",24,106,0
166,Wand of Mana Zap,Item166,regular,drol,rare,700,"Then there was like this massive purple zap, and all my mana was gone!' - a creep",27,108,0
255,Ball Lightning,Item255,regular,axllow,rare,718,It's a hot potato.,27,109,0
10,Cursed Claw,Item10,regular,Boekie,rare,800,This cursed artifact slows attacked creeps.,31,112,0
131,Mana Stone,Item131,regular,F12ight,rare,800,The stone radiates with energy.,31,113,0
138,Bartuc's Spirit,Item138,regular,Bartuck,rare,1000,"Enhances the carrier with the spirit of Bartuc, an ancient demonic warrior. Occasionally releases a burst of magic upon attacking.",40,117,0
269,Stunner,Item269,regular,Boekie,rare,1000,An advanced machine used to stun enemies.,40,119,0
247,Chameleons Soul,Item247,regular,Boekie,rare,1161,This soul adapts itself to its user.,47,121,0
59,Silver Armor,Item59,regular,Boekie,rare,1410,This shiny armor is made of silver.,58,122,0
270,El Bastardo,Item270,regular,cedi,rare,1604,The legendary El Bastardo! ( w00t wc3 and Gothic 3 ? ),67,126,0
108,Expanding Mind,Item108,regular,drol,uncommon,154,"The more you know, the more you realize that you know nothing.",5,0,0
114,Support Column,Item114,regular,drol,uncommon,244,Used by miners to create tunnels to the treasures hidden deep.,11,3,1
243,Monocle,Item243,regular,Guennter,uncommon,704,Slow down and concentrate on searching items.,39,3,2
265,Magic Link,Item265,regular,MasterCassim,uncommon,500,This item can be used to transfer experience to other towers.,26,4,1
151,Wise Man's Cooking Recipe,Item151,regular,SternBogen,uncommon,285,Teaches its carrier how to prepare and eat the brains of its victims.,13,5,0
110,Mark of the Talon,Item110,regular,drol,uncommon,172,Boost the body with agility and the mind with wisdom.,6,6,0
111,Mark of the Claw,Item111,regular,drol,uncommon,172,Boost the body with strength and the mind with wisdom.,6,6,1
77,Claws of Wisdom,Item77,regular,drol,uncommon,14,"Enables the wielder to carry out mystic rituals, but is impractical in combat.",0,7,0
28,Ceremonial Skull,Item28,regular,Boekie,uncommon,265,This skull was used in a necromantic ceremony.,12,7,1
43,Wine of Aluqah,Item43,regular,SymphonyX,uncommon,585,Drink the Wine of Aluqah and breathe the secret smoke of God.,32,7,2
84,Ancient Inscribed Bark,Item84,regular,drol,uncommon,63,Increases the tower's damage against magical.,0,8,1
90,Hunting Map,Item90,regular,drol,uncommon,210,Has some rough sketches of the distant land on it.,8,9,0
170,Crystalized Scales,Item170,regular,drol,uncommon,386,These scales seem to be crystalized by an unknown process.,19,9,1
210,Orb of Souls,Item210,regular,Sunken,uncommon,180,"Inside the orb you can see the swirling, tormented souls of countless victims.",7,10,0
74,Axe of Decapitation,Item74,regular,cedi,uncommon,293,Invented by humans to kill humans.,14,11,0
263,Ogre Battle Axe,Item263,regular,Boekie,uncommon,749,Makes the tower a real threat to humankind.,42,11,1
86,Blunderbuss Rifle,Item86,regular,drol,uncommon,63,Increases the tower's damage against human creeps.,0,12,1
224,Master Thief's Shroud,Item224,regular,Majildian,uncommon,540,"This item lets the wearer see through a master thief's eyes, helping them to find the best items.",29,13,1
136,Grand Seal of Pickiness,Item136,regular,Glowackos,uncommon,1176,Worn only by the wealthiest of landlords.,68,13,3
116,Shadowfoot's Mantle,Item116,regular,drol,uncommon,1386,Only used by those who know how to get the best items.,81,13,2
128,Dumpster,Item128,regular,Monolith,uncommon,293,You can find a lot of useless stuff inside a Dumpster.,14,14,3
219,Enchanted Telescope,Item219,regular,Majildian,uncommon,540,"This telescope allows you to spot things that would normally be missed, at any distance.",29,14,2
199,Dowsing Rod,Item199,regular,YouJizzTD,uncommon,223,A device used to search for items by tapping into the land's magnetic fields.,9,15,0
236,Veteran's Tome of Battle,Item236,regular,Majildian,uncommon,540,A tome that took a lifetime to write and contains many basic and advanced combat techniques.,29,16,2
119,Knowing Mind,Item119,regular,drol,uncommon,1340,Grants the reciever the ability to excel in its strengths.,78,16,3
85,Blessed Holy Scepter,Item85,regular,drol,uncommon,63,Increases the tower's damage against undead.,0,18,1
87,Thick Tree Branch,Item87,regular,drol,uncommon,63,Increases the tower's damage against orcs.,0,19,1
175,Toxic Chemicals,Item175,regular,Majildian,uncommon,386,"A deadly waste product, very effective at destroying natural beings.",19,20,0
88,Undead Spiked Claws,Item88,regular,drol,uncommon,63,Increases the tower's damage against nature.,0,21,1
225,Fiery Assassination Arrow,Item225,regular,drol,uncommon,136,A deadly combusting arrow designed to hunt down larger beings.,4,22,1
54,Tiny Rabbit,Item54,regular,Boekie,uncommon,117,This fluffy rabbit can cheer up even a tower.,3,24,0
19,Survival Kit,Item19,regular,Boekie,uncommon,303,This kit contains everything you need to survive in the wilderness.,14,24,1
97,Mini Tank,Item97,regular,cedi,uncommon,1466,"Back off, I've a canon in my pocket.",86,25,0
82,Touch of a Spirit,Item82,regular,drol,uncommon,79,Empowers the reciever with regenerative strength.,0,26,2
118,Sobi Mask,Item118,regular,drol,uncommon,1426,"Commonly used in theatres, but sometimes also used in combat to intimidate the enemy.",83,26,3
6,Wizard Staff,Item6,regular,Boekie,uncommon,873,This magical staff increases the mana capacity of the tower.,49,27,2
139,Diamond of Greed,Item139,regular,Majildian,uncommon,540,"It's said that whoever holds this gem shall be incredibly wealthy, but will always want more.",29,28,2
117,Blood Crown,Item117,regular,drol,uncommon,1401,The gems set on this crown look like they're made of blood.,82,29,1
53,Mur'gul Slave,Item53,regular,Boekie,uncommon,247,This tiny Mur'gul helps you in combat.,11,30,1
96,Spiked Club,Item96,regular,drol,uncommon,207,Sharp and spiked.,8,30,3
256,Dragon Claws,Item256,regular,Boekie,uncommon,1244,Increases the tower's crit chance and attack damage.,72,30,4
280,Unyielding Maul,Item280,regular,drol,uncommon,437,Being unbendable this weapon can give the wielder an advantage or a disadvantage.,22,31,0
187,Ogre Staff of Wisdom,Item187,regular,Palandu,uncommon,99,Me Bash You !,2,32,3
52,Zombie Head,Item52,regular,Boekie,uncommon,613,This evil zombie head gives the user enormous powers but it decreases the user's sight.,33,32,2
7,Heavy Gun,Item7,regular,Boekie,uncommon,981,This heavy gun is slow to use but it packs an enormous punch.,56,32,1
229,Razor Sharp Dagger,Item229,regular,Majildian,uncommon,540,This dagger goes through flesh as if it was paper.,29,36,2
102,Polarisator,Item102,regular,cedi,uncommon,1161,"Uh, this thing is able to make things magnetic.",67,36,3
4,Dragon's Heart,Item4,regular,Boekie,uncommon,1268,This heart of an ancient dragon increases crit chance and damage.,74,37,1
204,Sparkling Staff,Item204,regular,Majildian,uncommon,517,This staff contains so much magical power that the air around it sparkles.,27,38,2
100,Arcane Eye,Item100,regular,cedi,uncommon,1377,See ya and I know where it hurts.,80,38,3
259,Quicktrigger Blade,Item259,regular,Velex,uncommon,150,"Can be drawn in a second, but doesn't carry much of a punch.",5,40,0
26,Lightning Boots,Item26,regular,Boekie,uncommon,572,"These boots make you super fast, maybe even too fast.",31,40,1
223,Iron Leg,Item223,regular,drol,uncommon,125,"More reliable leg, but still worthless if you have two legs.",3,42,0
44,Mask of Sanity,Item44,regular,SymphonyX,uncommon,656,This mask alters the wearers sanity in different ways.,36,42,3
55,Flaming Arrow,Item55,regular,Boekie,uncommon,873,This flaming arrow boosts the user's damage.,49,42,1
196,Glowing Gauntlets,Item196,regular,Majildian,uncommon,486,These gauntlets produce a purple glow that increases the speed of the wearer.,25,43,2
3,Vulshok's Claws,Item3,regular,Boekie,uncommon,1031,"This weapon belongs to Vulshok, the ultimate warrior.",59,43,4
25,Crystal Staff,Item25,regular,Neotopia,uncommon,961,The Crystal Staff of an old wizard. Commonly used to bash undead.,55,44,0
24,Moonsilver Circlet,Item24,regular,Majildian,uncommon,1401,This circlet has a powerful magic focusing gem in it.,82,46,0
190,Demonic Orb,Item190,regular,Majildian,uncommon,540,A demon trapped within an orb so that it's power may be tapped.,29,46,3
211,Bloodthirsty Axe,Item211,regular,Majildian,uncommon,540,This axe glows with its thirst for blood.,29,47,1
148,Naga Trident,Item148,regular,poussix,uncommon,1364,"Naga empower the steel of their tridents, rendering them stainless.",79,47,3
141,Magician's Doorkey,Item141,regular,Majildian,uncommon,540,A key to a magical house on a magical hilltop given to magicians after they complete their training. It is prone to rust.,29,48,1
83,Periscope,Item83,regular,drol,uncommon,79,"Extends the view of the tower, making it hit the target precisely.",0,50,0
232,Ring of Chance,Item232,regular,Majildian,uncommon,540,This ring manipulates the laws of chance in the wearers favor.,29,50,2
5,Archer's Hood,Item5,regular,Boekie,uncommon,779,This archer equipment boosts agility and speed but decreases pure damage.,43,51,0
134,Beast Head,Item134,regular,cedi,uncommon,1525,Only the bravest and strongest warriors are able to kill such a beast without hurting the head.,89,52,2
125,Mystical Shell,Item125,regular,drol,uncommon,150,You can hear the entire ocean when holding it next to your ear.,5,54,0
182,Spider Broach,Item182,regular,drol,uncommon,1250,"This jewellery looks beautiful, the eyes of the spider are made from tiny emeralds.",72,54,3
63,Magic Vial,Item63,regular,boekie,uncommon,402,This vial contains a magic potion that enhances other spells.,20,57,1
235,Hermit Staff,Item235,regular,ShyGnome,uncommon,873,A basic staff that strengthens the presence of supportive spells.,49,57,0
31,Zombie Hand,Item31,regular,Majildian,uncommon,1047,A decaying hand that glows with necromantic power.,60,57,2
115,Obsidian Figurine,Item115,regular,drol,uncommon,240,"As black as the night, this statue works as a ward for evil powers inflicted on the carrier.",10,58,0
30,Tome of Shadow Magic,Item30,regular,drol,uncommon,257,"The pages look faded, still some power remains living inside the tome.",11,59,0
123,Troll Charm,Item123,regular,SirCoqaLot.,uncommon,1340,It's a rotten hand,78,59,1
95,Voodoo Doll,Item95,regular,drol,uncommon,172,Takes more and more control over its carrier.,6,60,0
109,Magic Flower,Item109,regular,drol,uncommon,172,"Magicly enchanted, making the flower grow very fast.",6,60,1
81,Pillage Tools,Item81,regular,drol,uncommon,210,"Good for looting, but impractical for combat.",8,60,2
112,Flawless Sapphire,Item112,regular,drol,uncommon,386,"The gem looks flawless, so pretty. It makes the carrier want more of these.",19,60,3
51,Battle Suit,Item51,regular,Boekie,uncommon,617,This battle suit improves combat skills. It becomes stronger when the user becomes stronger.,33,60,4
34,Hand of Ruin,Item34,regular,drol,uncommon,293,"Once the hand of an evil and powerful wizard, this hand only has a fraction of the power it once could cast.",14,63,0
20,Combat Gloves,Item20,regular,Boekie,uncommon,624,These gloves are used by the most famous human warriors.,34,63,1
124,Scroll of Piercing Magic,Item124,regular,drol,uncommon,300,An ancient scroll which learns the reader how to destroy even the most fortified magic protections.,14,64,0
194,Bones of Essence,Item194,regular,cedi,uncommon,500,Used to increase the damage against sif armor.,26,65,4
192,Deep Shadows,Item192,regular,cedi,uncommon,300,Used to increase the damage against sol armor.,14,65,0
195,Aqueous Vapor,Item195,regular,cedi,uncommon,300,Used to increase the damage against myt armor.,14,65,1
226,Unstable Current,Item226,regular,Finger of Destiny,uncommon,300,Used to increase the damage against hel armor.,14,65,2
257,Shrapnel Ammunition,Item257,regular,cedi,uncommon,300,Used to increase the damage against lua armor.,14,65,3
145,Shiny Emerald,Item145,regular,poussix,uncommon,406,Helps the carrier concentrate.,20,67,0
46,Minds Key,Item46,regular,Neotopia,uncommon,1225,"Opens the Gates to ones mind, making it sharper and clearer.",71,67,1
150,Panda Dress,Item150,regular,poussix,uncommon,1414,Makes you feel incredibly powerful.,83,67,2
27,Claws of the Bear,Item27,regular,drol,uncommon,540,"These claws contain not only the strength of the bear, but also its wisdom.",29,70,0
220,Nermind's Eye,Item220,regular,cedi,uncommon,400,The all seeing eye of Nermind.,20,72,0
159,Charged Disk,Item159,regular,drol,uncommon,50,The disk emits a blueish light.,0,74,0
41,Ancient Figurine,Item41,regular,drol,uncommon,1161,This figurine was found in the ruins of a city located in the jungle.,67,75,1
158,Mining Tools,Item158,regular,drol,uncommon,20,The basic equipment every miner needs to do his job.,0,78,0
218,Blaster Staff,Item218,regular,cedi,uncommon,60,A gift from the owner of a castle.,0,80,0
191,Speed Demon's Reward,Item191,regular,Palandu,uncommon,144,Rewards the player with gold and exp for fighting non-stop,4,83,0
144,Wanted List,Item144,regular,Lapsus,uncommon,148,Helps the carrier make extra coin from kills.,5,84,0
1,Artifact of Skadi,Item1,regular,Boekie,unique,1000,This old artifact that belongs to the godess of winter slows all creeps that come close.,28,1,0
35,Bonk's Face,Item35,regular,drol,unique,800,So heavy it is nearly impossible to move this giant rock.,21,2,1
227,Lunar Essence,Item227,regular,Finger of Destiny,unique,650,A powerful knowledge is captured into this essence.,16,10,2
216,Pendant of Mana Supremacy,Item216,regular,cedi,unique,1672,Even if this item isn't really valuable it is still very rare.,49,26,4
264,Spear of Loki,Item264,regular,Boekie,unique,1470,This spear of an old northern god is a very tricky weapon. It has enormous powers but also has a drawback.,43,31,3
18,Enchanted Knives,Item18,regular,Boekie,unique,2500,These knives were used by a famous nightelf ranger. They can attack multiple units at once.,76,35,0
45,Excalibur,Item45,regular,SymphonyX,unique,1405,The legendary Sword of the Kings.,40,37,2
137,Pendant of Promptness,Item137,regular,Glowackos,unique,2505,Tears at the very fabrics of time to imbue its bearer with immense speed.,76,39,0
267,Elunes Quiver,Item267,regular,cedi,unique,2410,This quiver can't run out of arrows as long as the wearer lives.,73,40,2
254,Distorted Idol,Item254,regular,Deemzul,unique,2750,Exists beyond reality.,84,45,0
250,Crit Blade,Item250,regular,Ranakastrasz,unique,644,This blade improves chance of critical strikes.,16,47,2
193,Staff of Essence,Item193,regular,cedi,unique,2200,"100%, not a bit more.",66,49,0
62,Jewels of the Moon,Item62,regular,drol,unique,1132,"Once granted by the Moon to her servants, these jewels help whoever uses them for a good purpose.",32,50,3
201,Even More Magical Hammer,Item201,regular,cedi,unique,1000,The professional version.,28,53,2
103,Priest Figurine,Item103,regular,Boekie,unique,250,This small figurine shines bright on damaged creeps. They will grant more experience.,4,54,1
253,Doom's Ensign,Item253,regular,cedi,unique,1500,This relic is imbued with dark powers.,44,54,4
183,Mighty Tree's Acorns,Item183,regular,poussix,unique,250,Acorns need to be shared,because we all love them,55,1
60,Flag of the Alliance,Item60,regular,Boekie,unique,800,"This flag inspires the fighters of the alliance, they will attack faster.",21,56,0
17,Cruel Torch,Item17,regular,Boekie,unique,1100,This serpentine staff ignites a burning rage within all who bear its glow.,31,56,3
58,Warsong Double Bass,Item58,regular,Neotopia,unique,1325,"Commonly used for Elite Tauren Bands, the Bass drum increases attackspeed of nearby Towers.",38,56,1
230,The Divine Wings of Tragedy,Item230,regular,"SymphonyX, Finger of Destiny",unique,2739,These wings once belonged to an angel.,83,56,2
56,Bhaal's Essence,Item56,regular,poussix,unique,2727,The essence of The Lord of Murder.,83,58,2
241,Holy Hand Grenade,Item241,regular,cedi,unique,2300,Remember worms?,69,64,1
184,Soul Collectors Cloak,Item184,regular,cedi,unique,1000,This cloak has the special ability to absorb the souls of units that are killed by the user of the cloak.,28,66,1
252,Soul Collector's Scythe,Item252,regular,hokkei,unique,1000,This scythe absorbs the souls of units slain by its wielder.,28,66,0
268,Soul Extractor,Item268,regular,Boekie,unique,50,This item extracts souls from dead enemies and uses them to stun enemies.,0,66,2
178,Dark Matter Trident,Item178,regular,cedi,unique,410,Made from a mysterious material.,9,73,1
142,Jah'Rakal's Fury,Item142,regular,Der_kleine_Tomy,unique,1000,The essence of Jah'rakal.,28,76,0
274,Portable Tombstone,Item274,regular,Boekie,unique,50,A dark artefact from a graveyard seldom spoken of.,0,79,0
249,Golden Trident,Item249,regular,Boekie,unique,60,Whenever this magical trident makes a devastating hit it creates some gold.,0,81,0
9,Backpack,Item9,regular,Boekie,unique,150,Sometimes a useful item is found in this backpack.,0,85,0
261,Vampiric Skull,Item261,regular,Boekie,unique,150,A skull that absorbs magic forces.,0,87,0
13,Stasis Trap,Item13,regular,Boekie,unique,200,This trap is used by the orcs to stun their enemies. It's not very reliable though.,2,89,0
275,Workbench,Item275,regular,Boekie,unique,300,This bench is used to improve other items.,5,91,0
279,Magic Conductor,Item279,regular,Boekie,unique,300,This item is able to transform magic powers into a speed bonus.,5,92,0
281,Faithful Staff,Item281,regular,Boekie,unique,400,Grants experience when a spell is cast on a friendly tower.,8,95,0
245,Circle of Power,Item245,regular,Deemzul,unique,450,Power! Unlimited power!,10,96,0
149,Jungle Stalker's Doll,Item149,regular,poussix,unique,500,"This doll is empowered with voodoo spells, be careful!",12,97,0
285,Helm of Insanity,Item285,regular,Boekie,unique,500,Gives enormous strength but exhausts the user.,12,98,0
282,Lucky Gem,Item282,regular,Boekie,unique,550,This gem gives the tower random effects.,13,102,0
132,Dagger of Bane,Item132,regular,F12ight,unique,700,The dagger oozes out deadly green poison.,18,107,0
140,Chrono Jumper,Item140,regular,axllow,unique,770,Space-teleport device. Use it carefully.,20,110,0
248,Pocket Emporium,Item248,regular,ShyGnome,unique,777,,20,111,0
215,Overcharge Shot,Item215,regular,cedi,unique,800,Spells: collateral damage.,21,114,0
61,Golden Decoration,Item61,regular,Boekie,unique,851,This decoration is so expensive that it is only used by kings.,23,115,0
240,Mini Furbolg,Item240,regular,cedi,unique,875,Every kid wants one.,24,116,0
266,Elunes Bow,Item266,regular,cedi,unique,1000,"The goddess gave this to the mighty priestess named Tirande with the order: Crush the enemies!""""",28,118,0
284,Chameleon Glaive,Item284,regular,Boekie,unique,1100,This glaive is able to mimic every kind of weapon.,31,120,0
200,Spellbook of Item Mastery,Item200,regular,Majildian,unique,1500,This spellbook contains a variety of spells for items.,44,123,0
207,M.E.F.I.S. Rocket,Item207,regular,cedi,unique,1500,"Now, If only I could remember where I put the manual.",44,124,0
209,Grounding Gloves,Item209,regular,SirCoqaLot.,unique,1500,,44,125,0
198,Frog Pipe,Item198,regular,Deemzul,unique,1650,A pipe with a sound that frogs cannot resist.,48,127,0
42,Sleeve of Rage,Item42,regular,SirCoqaLot.,unique,2000,Magical powers slumber in this ring.,60,128,0
208,Fragmentation Round,Item208,regular,cedi,unique,2000,,60,129,0
162,Glaive of Surpreme Follow Up,Item162,regular,cedi,unique,2100,Never ever be frustrated again because there is just no follow up damage.,63,130,0
1001,Oil of Sharpness,Item1001,oil,unknown,common,100,,0,3,0
1002,Arcane Oil of Sharpness,Item1002,oil,unknown,uncommon,100,,0,3,1
1003,Divine Oil of Sharpness ,Item1003,oil,unknown,rare,100,,0,3,2
1004,Oil of Magic ,Item1004,oil,unknown,common,100,,0,0,0
1005,Arcane Oil of Magic ,Item1005,oil,unknown,uncommon,100,,0,0,1
1006,Divine Oil of Magic ,Item1006,oil,unknown,rare,100,,0,0,2
1007,Oil of Accuracy ,Item1007,oil,unknown,common,100,,0,2,0
1008,Arcane Oil of Accuracy ,Item1008,oil,unknown,uncommon,100,,0,2,1
1009,Divine Oil of Accuracy ,Item1009,oil,unknown,rare,100,,0,2,2
1010,Oil of Swiftness ,Item1010,oil,unknown,common,100,,0,4,0
1011,Arcane Oil of Swiftness ,Item1011,oil,unknown,uncommon,100,,0,4,1
1012,Divine Oil of Swiftness ,Item1012,oil,unknown,rare,100,,0,4,2
1013,Oil of Sorcery ,Item1013,oil,unknown,common,100,,0,1,0
1014,Arcane Oil of Sorcery ,Item1014,oil,unknown,uncommon,100,,0,1,1
1015,Divine Oil of Sorcery ,Item1015,oil,unknown,rare,100,,0,1,2
1016,Oil of Exuberance ,Item1016,oil,unknown,uncommon,100,,0,6,0
1017,Arcane Oil of Exuberance ,Item1017,oil,unknown,rare,100,,0,6,1
1018,Seeker's Oil ,Item1018,oil,unknown,uncommon,100,,0,5,0
1019,Seeker's Arcane Oil ,Item1019,oil,unknown,rare,100,,0,5,1
1020,Oil of Lore ,Item1020,oil,unknown,uncommon,100,,0,,
1021,Arcane Oil of Lore ,Item1021,oil,unknown,rare,100,,0,,
1022,Tears of the Gods ,Item1022,oil,unknown,unique,100,,0,8,0
1023,Pure Aether ,Item1023,oil,unknown,unique,100,,0,7,0
1024,Wizard's Soul ,Item1024,oil,unknown,unique,100,,0,9,0
2001,Book of Force,Item2001,consumable,unknown,common,100,Grants 3 Force Points when used.,0,46,1
2002,Consumable Plant,Item2002,consumable,unknown,common,100,Grants 1 food when used.,0,46,1
2003,Consumable Chicken,Item2003,consumable,unknown,rare,100,Grants 2 food when used.,0,46,1
