name,tier,id,family id,author,rarity,element,attack type,attack range,attack cd,dmg min,dmg max,mana,mana regen,cost,description,required element level,required wave level,icon atlas num,release
Tiny Shrub,1,1,1,gex,common,nature,physical,800,0.9,26,26,0,0,30,Basic nature tower with a slightly increased chance to critical strike.,1,0,1,1
Shrub,2,439,1,gex,common,nature,physical,840,0.9,113,113,0,0,140,Common nature tower with an increased critical strike chance and damage.,1,8,1,1
Greater Shrub,3,459,1,gex,common,nature,physical,880,0.9,299,299,0,0,400,Common nature tower with an increased critical strike chance and damage.,3,20,1,1
Shrubfield,4,511,1,gex,common,nature,physical,920,0.9,552,552,0,0,800,Common nature tower with an increased critical strike chance and damage.,5,31,1,1
Greater Shrubfield,5,542,1,gex,common,nature,physical,960,0.9,901,901,0,0,1400,Common nature tower with an increased critical strike chance and damage.,8,44,1,1
Xtreme Shrubfield,6,565,1,gex,common,nature,physical,1000,0.9,1360,1360,0,0,2300,Common nature tower with an increased critical strike chance and damage.,11,57,1,1
Necromantic Altar,1,4,4,Boekie,uncommon,darkness,energy,875,1.6,287,287,30,2,300,This statue is haunted by lost souls.,1,,,0
Necromantic Statue,2,6,4,Boekie,uncommon,darkness,energy,875,1.6,573,573,30,2,600,This statue is haunted by lost souls.,1,,,0
Necromantic Shrine,3,7,4,Boekie,uncommon,darkness,energy,875,1.6,1146,1146,30,2,1200,This statue is haunted by lost souls.,1,,,0
Necromantic Monument,4,8,4,Boekie,uncommon,darkness,energy,875,1.6,2484,2484,30,2,2600,This statue is haunted by lost souls.,1,,,0
Lunar Sentinel,1,5,5,SirCoqalot.,uncommon,astral,energy,1200,2,17,37,0,0,60,The spirit of a watcher left to look over the ruins.,1,,,0
Lunar Guardian,2,49,5,SirCoqalot.,uncommon,astral,energy,1200,2,262,282,0,0,600,The spirit of a watcher left to look over the ruins.,1,,,0
Lunar Protector,3,50,5,SirCoqalot.,uncommon,astral,energy,1200,2,806,826,0,0,1800,The spirit of a watcher left to look over the ruins.,1,,,0
Lunar Defender,4,51,5,SirCoqalot.,uncommon,astral,energy,1200,2,1350,1370,0,0,3000,The spirit of a watcher left to look over the ruins.,1,,,0
Minor Magic Ruin,1,11,11,drol,common,astral,elemental,700,1,47,51,0,0,45,Some magic still sparkles inside these ruins.,1,,3,1
Small Magic Ruin,2,12,11,drol,common,astral,elemental,700,1,151,165,0,0,150,Some magic still sparkles inside these ruins.,1,,3,1
Magic Ruin,3,13,11,drol,common,astral,elemental,700,1,317,349,0,0,325,Some magic still sparkles inside these ruins.,1,,3,1
Large Magic Ruin,4,14,11,drol,common,astral,elemental,700,1,663,732,0,0,700,Some magic still sparkles inside these ruins.,1,,3,1
Major Magic Ruin,5,15,11,drol,common,astral,elemental,700,1,1379,1528,0,0,1500,Some magic still sparkles inside these ruins.,1,,3,1
Collosal Magic Ruin,6,16,11,drol,common,astral,elemental,700,1,2228,2477,0,0,2500,Some magic still sparkles inside these ruins.,1,,3,1
Small Fire Sprayer,1,17,17,Cyony,common,fire,elemental,750,0.5,21,21,0,0,35,"A small, high rate of fire tower",1,,4,1
Medium Fire Sprayer,2,18,17,Cyony,common,fire,elemental,750,0.5,109,109,0,0,180,"A medium sized, high rate of fire tower",1,,4,1
Big Fire Sprayer,3,19,17,Cyony,common,fire,elemental,750,0.5,220,220,0,0,370,"A big, high rate of fire tower",1,,4,1
Grand Fire Sprayer,4,20,17,Cyony,common,fire,elemental,750,0.5,438,438,0,0,750,"A grand, high rate of fire tower",1,,4,1
Huge Fire Sprayer,5,21,17,Cyony,common,fire,elemental,750,0.5,841,841,0,0,1450,"A huge, high rate of fire tower",1,,4,1
Titanic Fire Sprayer,6,22,17,Cyony,common,fire,elemental,750,0.5,1370,1370,0,0,2400,"A titanic, high rate of fire tower",1,,4,1
Small Bug Nest,1,24,24,Majildian,uncommon,darkness,physical,725,1.5,724,823,0,0,600,A small colony of bugs.,,,,0
Bug Nest,2,25,24,Majildian,uncommon,darkness,physical,725,1.5,1433,1532,0,0,1150,A colony of bugs.,,,,0
Large Bug Nest,3,26,24,Majildian,uncommon,darkness,physical,725,1.5,2464,2563,0,0,1950,A large colony of bugs.,,,,0
Bug City,4,27,24,Majildian,uncommon,darkness,physical,725,1.5,3818,3917,0,0,3000,A huge colony of bugs.,,,,0
Small Ice Mine,1,28,28,Velex,uncommon,ice,elemental,700,2,280,281,0,0,150,Tower with a chance to cast an ice nova.,1,9,,0
Ice Mine,2,29,28,Velex,uncommon,ice,elemental,700,2,921,922,0,0,500,Tower with a chance to cast an ice nova.,4,26,,0
Deep Ice Mine,3,30,28,Velex,uncommon,ice,elemental,700,2,2269,2270,0,0,1250,Tower with a chance to cast an ice nova.,7,41,,0
Bottomless Ice Mine,4,58,28,Velex,uncommon,ice,elemental,700,2,4472,4473,0,0,2500,Tower with a chance to cast an ice nova.,12,60,,0
Small Cactus,1,41,41,Lapsus,common,nature,essence,820,2.5,58,58,0,0,30,A tiny desert plant with a high AoE. Slightly more efficient against mass creeps and humans.,1,0,3,1
Budding Cactus,2,52,41,Lapsus,common,nature,essence,820,2.5,287,287,0,0,150,A prickly desert plant with a high AoE. Slightly more efficient against mass creeps and humans.,1,9,3,1
Average Cactus,3,42,41,Lapsus,common,nature,essence,820,2.5,719,719,0,0,380,A pricklier desert plant with a high AoE. Moderately more efficient against mass creeps and humans.,3,19,3,1
Grown Cactus,4,43,41,Lapsus,common,nature,essence,820,2.5,1422,1422,0,0,760,A troublesome desert plant with a high AoE. Moderately more efficient against mass creeps and humans.,5,30,3,1
Blooming Cactus,5,44,41,Lapsus,common,nature,essence,820,2.5,2496,2496,0,0,1350,A troublesome desert plant with a high AoE. Efficient against mass creeps and humans.,8,43,3,1
Fully-Flowered Cactus,6,45,41,Lapsus,common,nature,essence,820,2.5,4063,4063,0,0,2250,A lethal desert plant with a high AoE. Very efficient against mass creeps and humans.,11,57,3,1
Star Gazer,1,53,53,i_m0ck_death,uncommon,astral,energy,875,1.55,127,127,0,0,160,Uncommon astral tower that deals spell damage equal to its attack every time the tower attacks.,1,,,0
Star Watcher,2,55,53,i_m0ck_death,uncommon,astral,energy,875,1.55,474,474,0,0,630,Uncommon astral tower that deals spell damage equal to its attack every time the tower attacks.,1,,,0
Star Observer,3,56,53,i_m0ck_death,uncommon,astral,energy,875,1.55,990,990,0,0,1370,Uncommon astral tower that deals spell damage equal to its attack every time the tower attacks.,1,,,0
Star Keeper,4,57,53,i_m0ck_death,uncommon,astral,energy,875,1.55,1781,1781,0,0,2560,Uncommon astral tower that deals spell damage equal to its attack every time the tower attacks.,1,,,0
Initiate Elementalist,1,59,59,Kel-Thuzad,uncommon,astral,magic,900,2,25,25,0,0,150,Not very experienced mage of elements.,1,,,0
Adept Elementalist,2,62,59,Kel-Thuzad,uncommon,astral,magic,900,2,83,83,0,0,500,Little more experienced mage of elements.,1,,,0
Master Elementalist,3,61,59,Kel-Thuzad,uncommon,astral,magic,900,2,209,209,0,0,1250,Really experienced mage of elements.,1,,,0
Divine Elementalist,4,60,59,Kel-Thuzad,uncommon,astral,magic,900,2,417,417,0,0,2500,Let all who live in the world stand in awe of him.,1,,,0
Area Roaster,1,67,67,SirCoqalot.,uncommon,fire,elemental,700,1.2,85,85,0,0,650,"Advanced tower thats attacks multiple targets at once and burns them, increasing other fire towers damage and dealing some damage over time. ",,,,0
Area Igniter,2,68,67,SirCoqalot.,uncommon,fire,elemental,700,1.2,132,132,0,0,1300,"Advanced tower thats attacks multiple targets at once and burns them, increasing other fire towers damage and dealing some damage over time. ",,,,0
Area Inflamer,3,69,67,SirCoqalot.,uncommon,fire,elemental,700,1.2,188,188,0,0,2600,"Advanced tower thats attacks multiple targets at once and burns them, increasing other fire towers damage and dealing some damage over time. ",,,,0
Fiery Dog,1,70,70,cedi,uncommon,fire,decay,800,1.2,78,86,0,0,70,The hounds of war are howling again.,1,,,0
Burning Dog,2,73,70,cedi,uncommon,fire,decay,800,1.2,236,236,0,0,210,The hounds of war are howling again.,1,,,0
Hellhound,3,74,70,cedi,uncommon,fire,decay,800,1.2,900,900,0,0,940,The hounds of war are howling again.,1,,,0
Infernal Dog,4,75,70,cedi,uncommon,fire,decay,800,1.2,1712,1712,0,0,1680,The hounds of war are howling again.,1,,,0
Hound of War,5,76,70,cedi,uncommon,fire,decay,800,1.2,3249,3249,0,0,3360,The hounds of war are howling again.,1,,,0
Small Light,1,80,80,SternBogen,uncommon,astral,energy,850,1,53,59,0,0,65,A strong tower against the undead. Can see nearby invisible units.,1,,,0
Shining Light,2,82,80,SternBogen,uncommon,astral,energy,850,1,189,195,0,0,230,A strong tower against the undead. Can see nearby invisible units.,1,,,0
Bright Light,3,81,80,SternBogen,uncommon,astral,energy,850,1,527,533,0,0,650,A strong tower against the undead. Can see nearby invisible units.,1,,,0
Holy Light,4,355,80,SternBogen,uncommon,astral,energy,850,1,992,998,0,0,1250,A strong tower against the undead. Can see nearby invisible units.,1,,,0
Holy Eternal Light,5,356,80,SternBogen,uncommon,astral,energy,850,1,2168,2174,0,0,2799,A strong tower against the undead. Can see nearby invisible units.,1,,,0
Phantom,1,83,83,drol,uncommon,storm,magic,900,1.5,148,148,17,1,125,"Only seen above the highest clouds, this rare creature sears the sky.",1,,,0
Aery Phantom,2,87,83,drol,uncommon,storm,magic,900,1.5,414,414,17,1,375,"Only seen above the highest clouds, this rare creature sears the sky.",1,,,0
Swift Phantom,3,88,83,drol,uncommon,storm,magic,900,1.5,769,769,17,1,750,"Only seen above the highest clouds, this rare creature sears the sky.",1,,,0
Ethereal Phantom,4,89,83,drol,uncommon,storm,magic,900,1.5,1182,1182,17,1,1250,"Only seen above the highest clouds, this rare creature sears the sky.",1,,,0
Everlasting Phantom,5,90,83,drol,uncommon,storm,magic,900,1.5,1951,1951,17,1,2250,"Only seen above the highest clouds, this rare creature sears the sky.",1,,,0
Bone Shrine,1,91,91,SirCoqalot.,uncommon,darkness,physical,950,2,1155,1165,0,0,600,Lesser darkness tower that increases the damage of its target taken by darkness towers.,,,,0
Bone Temple,2,92,91,SirCoqalot.,uncommon,darkness,physical,950,1.9,1975,1985,0,0,1400,Lesser darkness tower that increases the damage of its target taken by darkness towers.,,,,0
Bone Monument,3,93,91,SirCoqalot.,uncommon,darkness,physical,950,1.8,2598,2608,0,0,2750,Higher darkness tower that increases the efficiency of other nearby darkness towers.,,,,0
Small Serpent Ward,1,94,94,SirCoqalot.,uncommon,astral,elemental,1050,1.35,374,374,0,0,350,"Lesser astral tower that buffs a nearby tower, increasing its mana regeneration, maximum mana and spell damage dealt.",,,,0
Serpent Ward,2,95,94,SirCoqalot.,uncommon,astral,elemental,1050,1.35,726,726,0,0,700,"Lesser astral tower that buffs a nearby tower, increasing its mana regeneration, maximum mana and spell damage dealt.",,,,0
Enchanted Serpent Ward,3,96,94,SirCoqalot.,uncommon,astral,elemental,1050,1.35,1407,1407,0,0,1400,"Lesser astral tower that buffs a nearby tower, increasing its mana regeneration, maximum mana and spell damage dealt.",,,,0
Mythic Serpent Ward,4,97,94,SirCoqalot.,uncommon,astral,elemental,1050,1.35,2727,2727,0,0,2800,"Lesser astral tower that buffs a nearby tower, increasing its mana regeneration, maximum mana and spell damage dealt.",,,,0
Tundra Stalker,1,98,98,drol,uncommon,ice,magic,850,1.3,136,155,12,1,175,These giant creatures wander the dry tundras of the world.,1,10,,0
Northern Stalker,2,103,98,drol,uncommon,ice,magic,850,1.3,271,310,12,1,350,These giant creatures wander the dry tundras of the world.,3,18,,0
Snow Stalker,3,104,98,drol,uncommon,ice,magic,850,1.3,541,620,12,1,700,These giant creatures wander the dry tundras of the world.,5,29,,0
Polar Stalker,4,105,98,drol,uncommon,ice,magic,850,1.3,1080,1239,12,1,1400,These giant creatures wander the dry tundras of the world.,8,44,,0
Arctic Stalker,5,106,98,drol,uncommon,ice,magic,850,1.3,1620,1859,12,1,2100,These giant creatures wander the dry tundras of the world.,10,55,,0
Energy Junction,1,99,99,SirCoqalot.,uncommon,iron,energy,500,0.7,455,455,20,1,500,Support tower which only attacks air. Buffs other units attackspeed and adds some spell and normal damage.,4,23,,0
Energy Crossing,2,177,99,SirCoqalot.,uncommon,iron,energy,500,0.7,1182,1182,20,1,1300,Support tower which only attacks air. Buffs other units attackspeed and adds some spell and normal damage.,8,42,,0
Energy Magnifier,3,178,99,SirCoqalot.,uncommon,iron,energy,500,0.7,1910,1910,20,1,2100,Support tower which only attacks air. Buffs other units attackspeed and adds some spell and normal damage.,10,55,,0
Cute Small Spider,1,102,102,D1000,uncommon,nature,essence,825,1.2,57,66,0,0,120,A cute small spider. Ugh... It spat at me!,1,,,0
Ugly Small Spider,2,174,102,D1000,uncommon,nature,essence,825,1.2,180,189,0,0,360,It's small and ... UGLY!,1,,,0
Adorable Young Spider,3,175,102,D1000,uncommon,nature,essence,825,1.2,549,558,0,0,1080,"I can not describe this spider, but at least it doesn't spit at me.",1,,,0
Breeding Adult Spider,4,176,102,D1000,uncommon,nature,essence,825,1.2,1532,1541,0,0,3000,Ah..A grown up exemplar! But it appears that it doesn't want to get disturbed.,1,,,0
Dark Fire Pit,1,107,107,i_m0ck_death,common,darkness,decay,850,1.1,42,42,0,0,50,"Darkness tower that is weak to undead units, but strong to magical units. The tower can also hit multiple units on each attack.",1,,3,1
Enhanced Dark Fire Pit,2,179,107,i_m0ck_death,common,darkness,decay,850,1.1,177,177,0,0,210,"Darkness tower that is weak to undead units, but strong to magical units. The tower can also hit multiple units on each attack.",1,,3,1
Enchanted Dark Fire Pit,3,180,107,i_m0ck_death,common,darkness,decay,850,1.1,383,383,0,0,660,"Darkness tower that is weak to undead units, but strong to magical units. The tower can also hit multiple units on each attack.",1,,3,1
Engulfing Dark Fire Pit,4,181,107,i_m0ck_death,common,darkness,decay,850,1.1,754,754,0,0,1300,"Darkness tower that is weak to undead units, but strong to magical units. The tower can also hit multiple units on each attack.",1,,3,1
Consuming Dark Fire Pit,5,182,107,i_m0ck_death,common,darkness,decay,850,1.1,1067,1067,0,0,2250,"Darkness tower that is weak to undead units, but strong to magical units. The tower can also hit multiple units on each attack.",1,,3,1
Thief Apprentice,1,108,108,i_m0ck_death,uncommon,darkness,physical,800,1.5,103,103,0,0,65,"Trained in the shadows, the thief is an expert in finding gold.",1,,,0
Thief Novice,2,109,108,i_m0ck_death,uncommon,darkness,physical,800,1.5,305,305,0,0,195,"Trained in the shadows, the thief is an expert in finding gold.",1,,,0
Thief,3,110,108,i_m0ck_death,uncommon,darkness,physical,800,1.5,904,904,0,0,585,"Trained in the shadows, the thief is an expert in finding gold.",1,,,0
Thief Master,4,111,108,i_m0ck_death,uncommon,darkness,physical,800,1.5,1987,1987,0,0,1300,"Trained in the shadows, the thief is an expert in finding gold.",1,,,0
Thief Grand Master,5,113,108,i_m0ck_death,uncommon,darkness,physical,800,1.5,3930,3930,0,0,2600,"Trained in the shadows, the thief is an expert in finding gold.",1,,,0
Astral Lantern,1,117,117,Velex,common,astral,magic,750,2.2,90,95,0,0,35,Tower that deals additional damage to invisible units.,1,,1,1
Astral Guide,2,118,117,Velex,common,astral,magic,750,2.2,996,1080,0,0,400,Tower that deals additional damage to invisible units.,1,,1,1
Astral Beacon,3,119,117,Velex,common,astral,magic,750,2.2,3251,3425,0,0,1300,Tower that deals additional damage to invisible units.,1,,1,1
Astral Lighthouse,4,120,117,Velex,common,astral,magic,750,2.2,5985,6209,0,0,2400,Tower that deals additional damage to invisible units.,1,,1,1
Afflicted Obelisk,1,121,121,SirCoqalot.,uncommon,nature,essence,1000,1.2,136,236,0,0,300,Something might hatch here soon...ish,1,,,0
Afflicted Monument,2,360,121,SirCoqalot.,uncommon,nature,essence,1000,1.17,523,623,0,0,1000,Something might hatch here soon...ish,1,,,0
Afflicted Altar,3,361,121,SirCoqalot.,uncommon,nature,essence,1000,1.13,944,1044,0,0,1900,Something might hatch here soon...ish,1,,,0
Afflicted Shrine,4,362,121,SirCoqalot.,uncommon,nature,essence,1000,1.1,1393,1493,0,0,3000,Something might hatch here soon...ish,1,,,0
Abandoned Pit,1,125,125,drol,common,iron,decay,700,1.85,107,118,0,0,60,Sometimes even the most fruitless places still have some treasure left.,1,0,4,1
Digging Hole,2,126,125,drol,common,iron,decay,700,1.85,508,542,0,0,280,Sometimes even the most fruitless places still have some treasure left.,2,15,4,1
Small Quarry,3,127,125,drol,common,iron,decay,700,1.85,1417,1488,0,0,775,Sometimes even the most fruitless places still have some treasure left.,5,31,4,1
Mining Grounds,4,128,125,drol,common,iron,decay,700,1.85,2534,2659,0,0,1400,Sometimes even the most fruitless places still have some treasure left.,8,44,4,1
Gold Mine,5,129,125,drol,common,iron,decay,700,1.85,4391,4693,0,0,2450,Sometimes even the most fruitless places still have some treasure left.,12,59,4,1
Lesser Elemental Ghost,1,134,134,Der_kleine_Tomy,uncommon,fire,essence,950,2,329,329,0,0,180,"A mysterious Ghost, which deals different damage types.",1,,,0
Elemental Ghost,2,138,134,Der_kleine_Tomy,uncommon,fire,essence,950,2,838,838,0,0,470,"A mysterious Ghost, which deals different damage types.",1,,,0
Greater Elemental Ghost,3,135,134,Der_kleine_Tomy,uncommon,fire,essence,950,2,2001,2001,0,0,1150,"A mysterious Ghost, which deals different damage types.",1,,,0
Mighty Elemental Ghost,4,136,134,Der_kleine_Tomy,uncommon,fire,essence,950,2,3225,3225,0,0,1900,"A mysterious Ghost, which deals different damage types.",1,,,0
Almighty Elemental Ghost,5,137,134,Der_kleine_Tomy,uncommon,fire,essence,950,2,4715,4715,0,0,2850,"A mysterious Ghost, which deals different damage types.",1,,,0
Baby Tuskar,1,142,142,Palandu,uncommon,ice,elemental,900,1.9,1008,1008,0,0,535,Loves to brain unsuspecting units with his snowballs.,4,24,,0
Teenage Tuskar,2,143,142,Palandu,uncommon,ice,elemental,900,1.9,2403,2403,0,0,1350,Even more of a menace than the child.,8,43,,0
Fully Grown Tuskar,3,144,142,Palandu,uncommon,ice,elemental,900,1.9,4918,4918,0,0,2900,Still uses childish tactics.,13,65,,0
Frost Root,1,150,150,drol,common,ice,energy,750,0.75,17,21,0,0,30,Can still grow even in the coldest places.,1,0,1,1
Ice Weed,2,151,150,drol,common,ice,energy,750,0.75,48,67,0,0,100,Can still grow even in the coldest places.,1,5,1,1
Frozen Vines,3,152,150,drol,common,ice,energy,750,0.75,146,195,0,0,300,Can still grow even in the coldest places.,2,16,1,1
Crystalized Tendrils,4,153,150,drol,common,ice,energy,750,0.75,291,390,0,0,600,Can still grow even in the coldest places.,4,26,1,1
Glacial Creeper,5,154,150,drol,common,ice,energy,750,0.75,592,766,0,0,1200,Can still grow even in the coldest places.,7,40,1,1
Polar Ivy,6,155,150,drol,common,ice,energy,750,0.75,1020,1244,0,0,2000,Can still grow even in the coldest places.,10,53,1,1
Ruined Wind Tower,1,156,156,SirCoqalot.,uncommon,storm,physical,1000,2.8,1343,1393,0,0,400,Strange tower that rejects some items.,,,,0
Ruined Storm Tower,2,341,156,SirCoqalot.,uncommon,storm,physical,1000,2.8,3409,3459,0,0,975,Strange tower that rejects some items.,,,,0
Ruined Tempest Tower,3,342,156,SirCoqalot.,uncommon,storm,physical,1000,2.8,6683,6733,0,0,1850,Strange tower that rejects some items.,,,,0
Ruined Hurricane Tower,4,343,156,SirCoqalot.,uncommon,storm,physical,1000,2.8,9859,9909,0,0,2650,Strange tower that rejects some items.,,,,0
Mossy Acid Sprayer,1,161,161,cedi,common,iron,decay,800,1,11,31,0,0,40,"Careful, corrosive.",1,0,5,1
Toxic Mossy Acid Sprayer,2,162,161,cedi,common,iron,decay,800,1,70,90,0,0,160,"Careful, corrosive.",1,9,5,1
Toxic Acid Factory,3,163,161,cedi,common,iron,decay,800,1,223,243,0,0,400,"Careful, corrosive.",3,23,5,1
Mutating Acid Factory,4,164,161,cedi,common,iron,decay,800,1,452,472,0,0,1000,"Careful, corrosive.",6,36,5,1
Infested Mutating Acid Factory,5,337,161,cedi,common,iron,decay,800,1,879,899,0,0,2000,"Careful, corrosive.",10,53,5,1
Haunted Rubble,1,166,166,Velex,common,darkness,essence,900,2,61,62,0,0,34,Tower with a chance to slow the movement speed of a unit on attacks.,1,,4,1
Haunted Debris,2,271,166,Velex,common,darkness,essence,900,2,368,369,0,0,204,Tower with a chance to slow the movement speed of a unit on attacks.,1,,4,1
Haunted Ruins,3,270,166,Velex,common,darkness,essence,900,2,1020,1021,0,0,506,Tower with a chance to slow the movement speed of a unit on attacks.,1,,4,1
Haunted Silo,4,269,166,Velex,common,darkness,essence,900,2,2433,2434,0,0,1350,Tower with a chance to slow the movement speed of a unit on attacks.,1,,4,1
Haunted Soul Mill,5,268,166,Velex,common,darkness,essence,900,2,3966,3967,0,0,2200,Tower with a chance to slow the movement speed of a unit on attacks.,1,,4,1
Tentacle Spawn,1,169,169,drol,common,darkness,physical,850,1.5,65,76,0,0,60,"Sometimes hits its targets in a weak spot, leaving them rended.",1,,5,1
Tentacle Spawn,2,612,169,drol,common,darkness,physical,850,1.5,176,235,0,0,180,"Sometimes hits its targets in a weak spot, leaving them rended.",1,,5,1
Starving Tentacle,3,613,169,drol,common,darkness,physical,850,1.5,345,464,0,0,360,"Sometimes hits its targets in a weak spot, leaving them rended.",1,,5,1
Rending Tentacle,4,614,169,drol,common,darkness,physical,850,1.5,679,918,0,0,720,"Sometimes hits its targets in a weak spot, leaving them rended.",1,,5,1
Revenging Tentacle,5,615,169,drol,common,darkness,physical,850,1.5,1334,1813,0,0,1440,"Sometimes hits its targets in a weak spot, leaving them rended.",1,,5,1
Giant Tentacle,6,616,169,drol,common,darkness,physical,850,1.5,2267,3082,0,0,2448,"Sometimes hits its targets in a weak spot, leaving them rended.",1,,5,1
Village Witch,1,183,183,cedi,uncommon,darkness,essence,1100,1.6,135,135,30,1.5,150,A Small young witch... ,1,,,0
Adept Witch,2,375,183,cedi,uncommon,darkness,essence,1100,1.6,538,538,30,1.5,600,Yet she has the knowledge to transform you into a frog. ,1,,,0
Skilled Witch,3,184,183,cedi,uncommon,darkness,essence,1100,1.6,1076,1076,30,1.5,1200,"Yes, she is scary. ",1,,,0
Witch Queen,4,185,183,cedi,uncommon,darkness,essence,1100,1.6,2153,2153,30,1.5,2400,"What's the thing around my ankle? Ohh that, that are the hands of one of my minions. ",1,,,0
Burrow,1,186,186,tolleder,uncommon,iron,physical,700,3,289,289,0,0,70,"A burrow with Peons inside, which will try to break through every armor.",1,0,,0
Reinforced Burrow,2,189,186,tolleder,uncommon,iron,physical,700,3,1546,1546,0,0,400,"A burrow with elite Peons inside, which will try to break through every armor.",3,20,,0
Fortified Burrow,3,187,186,tolleder,uncommon,iron,physical,700,3,4274,4274,0,0,1200,"A burrow with Troll Head Hunters inside, which will try to break through every armor.",7,40,,0
Magic Enhanced Burrow,4,188,186,tolleder,uncommon,iron,physical,700,3,8035,8035,0,0,2500,"A burrow with Troll Berserkers inside, which will break through every armor.",12,60,,0
Obelisk of Fortuity,1,205,205,D1000,common,iron,physical,800,1.5,62,66,0,0,30,"An ancient Obelisk. Some powers are hidden here, but something seems wrong. Maybe it just has to warm up a bit.",1,0,1,1
Altar of Fortuity,2,206,205,Neotopia,common,iron,physical,800,1.5,337,347,0,0,140,"A very old Altar of an ancient religion. Still imbued with the power of the gods, maybe you should wake them up.",1,8,1,1
Shrine of Fortuity,3,207,205,Neotopia,common,iron,physical,800,1.5,1396,1415,0,0,400,"An old Shrine of an ancient religion. Numerous humans prayed on this, leading to immense power. Maybe you should pray!",3,23,1,1
Dome of Fortuity,4,208,205,Neotopia,common,iron,physical,800,1.5,4934,4973,0,0,1450,"An old Dome of an ancient religion. Numerous congregations were hold in this, enchanting it with immense power. Congregate and awake the ancient powers!",8,44,1,1
Sanctuary of Fortuity,5,209,205,Neotopia,common,iron,physical,800,1.5,10732,10791,0,0,2450,The Sanctuary of an old religion. Uncountable prayers led to the power of this. Even more prayers needed to awake the powers!,12,59,1,1
Small Torch,1,226,226,Boekie,common,fire,elemental,900,0.9,48,48,25,2,70,This tower uses magical flames to strike multiple targets.,1,,6,1
Torch,2,225,226,Boekie,common,fire,elemental,900,0.9,173,173,30,2,250,This tower uses magical flames to strike multiple targets.,1,,6,1
Burning Torch,3,228,226,Boekie,common,fire,elemental,900,0.9,484,484,35,2,700,This tower uses magical flames to strike multiple targets.,1,,6,1
Burning Beacon,4,229,226,Boekie,common,fire,elemental,900,0.9,968,968,40,2,1400,This tower uses magical flames to strike multiple targets.,1,,6,1
Inferno Beacon,5,227,226,Boekie,common,fire,elemental,900,0.9,1729,1729,45,2,2500,This tower uses magical flames to strike multiple targets.,1,,6,1
Broken Lightning Rod,1,231,231,Boekie,common,storm,energy,1200,1.2,47,66,25,2,70,A storm tower that releases a magic lighting bolt.,1,,1,1
Small Lightning Rod,2,234,231,Boekie,common,storm,energy,1200,1.2,190,209,30,2,250,A storm tower that releases a magic lighting bolt.,1,,1,1
Lightning Rod,3,233,231,Boekie,common,storm,energy,1200,1.2,548,567,35,2,700,A storm tower that releases a magic lighting bolt.,1,,1,1
Greater Lightning Rod,4,232,231,Boekie,common,storm,energy,1200,1.2,1104,1123,40,2,1400,A storm tower that releases a magic lighting bolt.,1,,1,1
Big Lightning Rod,5,230,231,Boekie,common,storm,energy,1200,1.2,1979,1998,45,2,2500,A storm tower that releases a magic lighting bolt.,1,,1,1
Magnataur Warrior,1,235,235,drol/im0ckdeath,uncommon,ice,elemental,900,1.7,110,121,0,0,70,"Roaming on the Frozen Wastes, the Magnataur seeks new challenges to beat.",1,0,,0
Magnataur Hunter,2,236,235,drol/im0ckdeath,uncommon,ice,elemental,900,1.7,481,492,0,0,300,"Roaming on the Frozen Wastes, the Magnataur seeks new challenges to beat.",2,16,,0
Magnataur Destroyer,3,237,235,drol/im0ckdeath,uncommon,ice,elemental,900,1.7,1111,1122,0,0,700,"Roaming on the Frozen Wastes, the Magnataur seeks new challenges to beat.",5,29,,0
Magnataur Spirit Hunter,4,238,235,drol/im0ckdeath,uncommon,ice,elemental,900,1.7,2501,2512,0,0,1600,"Roaming on the Frozen Wastes, the Magnataur seeks new challenges to beat.",9,47,,0
Magnataur Celestial Hunter,5,239,235,drol/im0ckdeath,uncommon,ice,elemental,900,1.7,4304,4315,0,0,2800,"Roaming on the Frozen Wastes, the Magnataur seeks new challenges to beat.",13,64,,0
Furbolg,1,240,240,geX,uncommon,nature,physical,900,2,685,1385,0,0,700,A friendly creature as long as you don't make it angry. Unfortunately it gets angry pretty fast. ,,,,0
Raging Furbolg,2,246,240,geX,uncommon,nature,physical,900,1.9,1225,2625,0,0,1500,A friendly and cuddly creature as long it isn't angry. Unfortunately it is always angry whenever it ain't sleeping. ,,,,0
Rampaging Furbolg,3,252,240,geX,uncommon,nature,physical,900,1.8,1631,4431,0,0,2750,"A friendly, cuddly and fluffy creature as long as it isn't angry. Unfortunately it is always angry, even when it's sleeping. ",,,,0
Stormy Dog,1,242,242,cedi,uncommon,storm,energy,900,1.5,95,103,0,0,70,Do you hear the howl of the storm?,1,,,0
Thunderous Dog,2,243,242,cedi,uncommon,storm,energy,900,1.5,281,289,0,0,210,Do you hear the howl of the storm?,1,,,0
Stormhound,3,244,242,cedi,uncommon,storm,energy,900,1.5,1082,1090,0,0,840,Do you hear the howl of the storm?,1,,,0
Hurricane Dog,4,245,242,cedi,uncommon,storm,energy,900,1.5,2062,2070,0,0,1680,Do you hear the howl of the storm?,1,,,0
Hound of Storms,5,247,242,cedi,uncommon,storm,energy,900,1.5,3916,3924,0,0,3360,Do you hear the howl of the storm?,1,,,0
Skink,1,254,254,cedi,uncommon,nature,decay,800,1,28,34,0,0,150,It likes to hug people.,1,,,0
Aged Skink,2,255,254,cedi,uncommon,nature,decay,800,1,112,125,0,0,350,It likes to hug people.,1,,,0
Yellowskin Skink,3,256,254,cedi,uncommon,nature,decay,800,1,326,346,0,0,850,It likes to hug people.,1,,,0
Viviparous Skink,4,257,254,cedi,uncommon,nature,decay,800,1,743,770,0,0,1800,It likes to hug people.,1,,,0
Starskin Skink,5,258,254,cedi,uncommon,nature,decay,800,1,1243,1277,0,0,3000,It likes to hug people.,1,,,0
Cloud Warrior,1,272,272,i_m0ck_death,uncommon,storm,energy,840,2.1,58,127,0,0,70,A warrior trained high in the sky.,1,,,0
Stratus Warrior,2,273,272,i_m0ck_death,uncommon,storm,energy,840,2.1,173,382,0,0,210,A warrior trained high in the sky.,1,,,0
Cumulus Warrior,3,274,272,i_m0ck_death,uncommon,storm,energy,840,2.1,431,955,0,0,525,A warrior trained high in the sky.,1,,,0
Cirrus Warrior,4,275,272,i_m0ck_death,uncommon,storm,energy,840,2.1,1076,2387,0,0,1312,A warrior trained high in the sky.,1,,,0
Cumulonimbus Warrior,5,276,272,i_m0ck_death,uncommon,storm,energy,840,2.1,2151,4776,0,0,2625,A warrior trained high in the sky.,1,,,0
Essence of Fury,1,277,277,Killamasta,uncommon,darkness,decay,800,2,16,16,0,0,100,A piece of a black heart. Poisons many enemies.,1,,,0
Essence of Rage,2,290,277,Killamasta,uncommon,darkness,decay,800,2,38,38,0,0,300,A piece of a black heart. Poisons many enemies.,1,,,0
Essence of Anger,3,291,277,Killamasta,uncommon,darkness,decay,800,2,63,63,0,0,600,A piece of a black heart. Poisons many enemies.,1,,,0
Essence of Hate,4,292,277,Killamasta,uncommon,darkness,decay,800,2,101,101,0,0,1200,A piece of a black heart. Poisons many enemies.,1,,,0
Core of Dark Emotions,5,293,277,Killamasta,uncommon,darkness,decay,800,2,185,185,0,0,2500,"The Master of Hate, Anger and Rage corrupts all the innocent hearts to make them rot.",1,,,0
Small Brazier,1,279,279,SirCoqalot.,uncommon,fire,elemental,865,0.7,149,169,0,0,350,Basic tower with high attackspeed and a multicritchance.,,,,0
Old Brazier,2,278,279,SirCoqalot.,uncommon,fire,elemental,865,0.7,389,429,0,0,900,Basic tower with high attackspeed and a multicritchance.,,,,0
Ancient Brazier,3,280,279,SirCoqalot.,uncommon,fire,elemental,865,0.7,765,825,0,0,1750,Basic tower with high attackspeed and a multicritchance.,,,,0
Adored Brazier,4,281,279,SirCoqalot.,uncommon,fire,elemental,865,0.7,1278,1358,0,0,2900,Basic tower with high attackspeed and a multicritchance.,,,,0
Small Ray Blaster,1,305,305,i_m0ck_death,uncommon,iron,energy,800,1.4,79,98,0,0,150,Uncommon iron tower that leaves a debuff on the enemy unit that increases item drop quality and chance of an item drop.,1,0,,0
Ray Blaster,2,308,305,i_m0ck_death,uncommon,iron,energy,800,1.4,268,287,0,0,800,Uncommon iron tower that leaves a debuff on the enemy unit that increases item drop quality and chance of an item drop.,2,10,,0
Large Ray Blaster,3,309,305,i_m0ck_death,uncommon,iron,energy,800,1.4,743,762,0,0,1800,Uncommon iron tower that leaves a debuff on the enemy unit that increases item drop quality and chance of an item drop.,5,29,,0
Custom Ray Blaster,4,310,305,i_m0ck_death,uncommon,iron,energy,800,1.4,1377,1396,0,0,2600,Uncommon iron tower that leaves a debuff on the enemy unit that increases item drop quality and chance of an item drop.,8,43,,0
Ray Blaster 2.0,5,311,305,i_m0ck_death,uncommon,iron,energy,800,1.4,2370,2409,0,0,3200,Uncommon iron tower that leaves a debuff on the enemy unit that increases item drop quality and chance of an item drop.,12,62,,0
Tombstone,1,307,307,geX,common,darkness,decay,1050,2,37,47,0,0,30,Basic tower with a small chance on attack to kill lesser targets immediately.,1,,1,1
Creepy Tombstone,2,318,307,geX,common,darkness,decay,1051,1.95,164,204,0,0,140,Basic tower with a small chance on attack to kill lesser targets immediately.,1,,1,1
Cursed Tombstone,3,354,307,geX,common,darkness,decay,1052,1.9,447,547,0,0,400,Basic tower with a small chance on attack to kill lesser targets immediately.,1,,1,1
Horrible Tombstone,4,324,307,geX,common,darkness,decay,1053,1.85,953,1153,0,0,900,Basic tower with a small chance on attack to kill lesser targets immediately.,1,,1,1
Daemonic Tombstone,5,333,307,geX,common,darkness,decay,1054,1.8,1585,1935,0,0,1600,Basic tower with a small chance on attack to kill lesser targets immediately.,1,,1,1
Monument of Death,6,344,307,geX,common,darkness,decay,1055,1.75,2296,2896,0,0,2500,Basic tower with a small chance on attack to kill lesser targets immediately.,1,,1,1
Broken Circle of Wind,1,312,312,SternBogen / Natac & girlfriend,uncommon,storm,physical,1100,1.4,54,56,0,0,50,Strong gusts of wind often linger around these ruins.,1,,,0
Circle of Wind,2,313,312,SternBogen / Natac & girlfriend,uncommon,storm,physical,1100,1.4,184,184,0,0,170,Strong gusts of wind often linger around these ruins.,1,,,0
Circle of Storm,3,314,312,SternBogen / Natac & girlfriend,uncommon,storm,physical,1100,1.4,526,534,0,0,490,Strong gusts of wind often linger around these ruins.,1,,,0
Orcan Circle,4,315,312,SternBogen / Natac & girlfriend,uncommon,storm,physical,1100,1.4,1600,1611,0,0,1500,Strong gusts of wind often linger around these ruins.,1,,,0
Hurricane Circle,5,316,312,SternBogen / Natac & girlfriend,uncommon,storm,physical,1100,1.4,2953,2967,0,0,2800,Strong gusts of wind often linger around these ruins.,1,,,0
Wooden Trap,1,325,325,Boekie,uncommon,iron,physical,950,1.3,38,38,0,0,50,This trap is used to capture beasts but it works on other stuff too.,1,0,,0
Advanced Wooden Trap,2,623,325,Boekie,uncommon,iron,physical,950,1.3,141,141,0,0,200,This trap is used to capture beasts but it works on other stuff too.,1,12,,0
Iron Trap,3,624,325,Boekie,uncommon,iron,physical,950,1.3,441,441,0,0,650,This trap is used to capture beasts but it works on other stuff too.,4,28,,0
Advanced Iron Trap,4,625,325,Boekie,uncommon,iron,physical,950,1.3,942,942,0,0,1500,This trap is used to capture beasts but it works on other stuff too.,8,45,,0
Steel Trap,5,626,325,Boekie,uncommon,iron,physical,950,1.3,1409,1409,0,0,2500,This trap is used to capture beasts but it works on other stuff too.,12,60,,0
Ruined Sun Pedestal,1,363,363,geX,common,astral,energy,1200,2,43,47,0,0,35,Basic Tower with a weak bouncing attack and bonus damage to undead enemies.,1,,5,1
Ruined Sun Pillar,2,404,363,geX,common,astral,energy,1200,2,154,171,0,0,130,Basic Tower with a weak bouncing attack and bonus damage to undead enemies.,1,,5,1
Flawed Sun Pillar,3,448,363,geX,common,astral,energy,1200,2,370,414,0,0,320,Basic Tower with a weak bouncing attack and bonus damage to undead enemies.,1,,5,1
Sun Pillar,4,440,363,geX,common,astral,energy,1200,2,738,825,0,0,650,Basic Tower with a weak bouncing attack and bonus damage to undead enemies.,1,,5,1
Sun Shrine,5,445,363,geX,common,astral,energy,1200,2,1218,1374,0,0,1100,Basic Tower with a weak bouncing attack and bonus damage to undead enemies.,1,,5,1
Sun Array,6,446,363,geX,common,astral,energy,1200,2,1844,2085,0,0,1700,Basic Tower with a weak bouncing attack and bonus damage to undead enemies.,1,,5,1
Sun Monument,7,447,363,geX,common,astral,energy,1200,2,2654,3013,0,0,2500,Basic Tower with a weak bouncing attack and bonus damage to undead enemies.,1,,5,1
Small Frost Fire,1,364,364,IamanEvilMan,common,darkness,essence,900,0.9,46,46,25,2,70,This tower uses mana to summon coldfire from the Frozen Heart of Hell for minor AoE damage and slowing effect. Stolen souls improve this ability with each tower level.,1,,6,1
Frost Fire,2,365,364,IamanEvilMan,common,darkness,essence,900,0.9,163,163,25,2,250,This tower uses mana to summon coldfire from the Frozen Heart of Hell for minor AoE damage and slowing effect. Stolen souls improve this ability with each tower level.,1,,6,1
Hungry Frost Fire,3,366,364,IamanEvilMan,common,darkness,essence,900,0.9,456,456,25,2,700,This tower uses mana to summon coldfire from the Frozen Heart of Hell for minor AoE damage and slowing effect. Stolen souls improve this ability with each tower level.,1,,6,1
Hungry Frozen Flame,4,367,364,IamanEvilMan,common,darkness,essence,900,0.9,911,911,25,2,1400,This tower uses mana to summon coldfire from the Frozen Heart of Hell for minor AoE damage and slowing effect. Stolen souls improve this ability with each tower level.,1,,6,1
Frozen Inferno,5,368,364,IamanEvilMan,common,darkness,essence,900,0.9,1627,1627,25,2,2500,This tower uses mana to summon coldfire from the Frozen Heart of Hell for minor AoE damage and slowing effect. Stolen souls improve this ability with each tower level.,1,,6,1
Buried Soul,1,376,376,SirCoqalot.,uncommon,darkness,magic,1200,1,10,71,0,0,80,A tricky tower that may weaken its target temporarily but also itself,1,,,0
Lost Soul,2,379,376,SirCoqalot.,uncommon,darkness,magic,1200,1,117,178,0,0,310,A tricky tower that may weaken its target temporarily but also itself,1,,,0
Forgotten Soul,3,384,376,SirCoqalot.,uncommon,darkness,magic,1200,1,528,589,0,0,1240,A tricky tower that may weaken its target temporarily but also itself,1,,,0
Long Forgotten Soul,4,395,376,SirCoqalot.,uncommon,darkness,magic,1200,1,1014,1075,0,0,240,A tricky tower that may weaken its target temporarily but also itself,1,,,0
Lightning Generator,1,378,378,SirCoqalot.,uncommon,storm,magic,980,1.35,1,1,0,0,92,Simple storm tower that will deal all of its damage through spells. Has a minor chance to cast a chainlightning on attack.,1,,,0
Fortified Lightning Generator,2,381,378,SirCoqalot.,uncommon,storm,magic,980,1.35,1,1,0,0,345,Simple storm tower that will deal all of its damage through spells. Has a minor chance to cast a chainlightning on attack.,1,,,0
Stormcloud Generator,3,382,378,SirCoqalot.,uncommon,storm,magic,980,1.35,1,1,0,0,1025,Simple storm tower that will deal all of its damage through spells. Has a minor chance to cast a chainlightning on attack.,1,,,0
Thunderstorm Generator,4,383,378,SirCoqalot.,uncommon,storm,magic,980,1.35,1,1,0,0,2450,Simple storm tower that will deal all of its damage through spells. Has a minor chance to cast a chainlightning on attack.,1,,,0
Tiny Storm Lantern,1,380,380,Boekie,uncommon,storm,energy,1000,1.3,207,207,0,0,250,This tower is able to release a burst attack.,1,,,0
Storm Lantern,2,551,380,Boekie,uncommon,storm,energy,1000,1.3,529,529,0,0,750,This tower is able to release a burst attack.,1,,,0
Sparkling Storm Lantern,3,552,380,Boekie,uncommon,storm,energy,1000,1.3,990,990,0,0,1600,This tower is able to release a burst attack.,1,,,0
Electrified Storm Lantern,4,553,380,Boekie,uncommon,storm,energy,1000,1.3,1525,1525,0,0,2800,This tower is able to release a burst attack.,1,,,0
Glowing Solar Orb,1,385,385,MasterCassim,common,astral,energy,850,1.3,40,40,0,0,40,"The blazing light of the sun makes its targets glow, especially undead ones.",1,,4,1
Glaring Solar Orb,2,389,385,MasterCassim,common,astral,energy,850,1.3,242,242,0,0,250,"The blazing light of the sun makes its targets glow, especially undead ones.",1,,4,1
Glowing Sun Orb,3,390,385,MasterCassim,common,astral,energy,850,1.3,562,562,0,0,600,"The blazing light of the sun makes its targets glow, especially undead ones.",1,,4,1
Shiny Sun Orb,4,387,385,MasterCassim,common,astral,energy,850,1.3,1420,1420,0,0,1550,"The blazing light of the sun makes its targets glow, especially undead ones.",1,,4,1
Blazing Sun Orb,5,388,385,MasterCassim,common,astral,energy,850,1.3,2300,2300,0,0,2600,"The blazing light of the sun makes its targets glow, especially undead ones.",1,,4,1
Nature Sprites,1,396,396,DaveMatthews,uncommon,nature,essence,900,2.5,338,338,50,2.5,400,Friendly spirits that live in the trees.,,,,0
Nature Spirits,2,397,396,DaveMatthews,uncommon,nature,essence,900,2.5,1267,1267,50,2.5,1500,Friendly spirits that live in the trees.,,,,0
Nature Souls,3,398,396,DaveMatthews,uncommon,nature,essence,900,2.5,2364,2364,50,2.5,2800,Friendly spirits that live in the trees.,,,,0
Felweed,1,405,405,SirCoqalot.,common,fire,decay,750,1,49,49,0,0,55,Basic Tower that sometimes deals more damage.,1,,3,1
Grown Felweed,2,406,405,SirCoqalot.,common,fire,decay,750,1,192,192,0,0,215,Basic Tower that sometimes deals more damage.,1,,3,1
Rancid Felweed,3,407,405,SirCoqalot.,common,fire,decay,750,1,423,423,0,0,510,Basic Tower that sometimes deals more damage.,1,,3,1
Old Felweed,4,408,405,SirCoqalot.,common,fire,decay,750,1,912,912,0,0,1100,Basic Tower that sometimes deals more damage.,1,,3,1
Elder Felweed,5,409,405,SirCoqalot.,common,fire,decay,750,1,1360,1360,0,0,1800,Basic Tower that sometimes deals more damage.,1,,3,1
Ancient Felweed,6,410,405,SirCoqalot.,common,fire,decay,750,1,1889,1889,0,0,2500,Basic Tower that sometimes deals more damage.,1,,3,1
Militia Watchtower,1,417,417,ShyGnome,uncommon,iron,physical,850,0.7,71,71,0,0,250,"Militia guardians rain axes at the heads of the enemies. However, they are not very accurate, and afraid of undead and large creeps.",2,14,,0
Militia Outpost,2,418,417,ShyGnome,uncommon,iron,physical,850,0.7,213,213,0,0,750,"Militia guardians rain axes at the heads of the enemies. However, they are not very accurate, and afraid of undead and large creeps.",5,30,,0
Militia Forepost,3,419,417,ShyGnome,uncommon,iron,physical,850,0.7,426,426,0,0,1500,"Militia guardians rain axes at the heads of the enemies. However, they are not very accurate, and afraid of undead and large creeps.",8,45,,0
Militia Blockpost,4,420,417,ShyGnome,uncommon,iron,physical,850,0.7,853,853,0,0,3000,"Militia guardians rain axes at the heads of the enemies. However, they are not very accurate, and afraid of undead and large creeps.",13,66,,0
Firestorm Cell,1,421,421,Ashbringer,uncommon,fire,magic,900,1.3,106,106,0,0,200,A device created to unleash fiery explosions.,1,,,0
Firestorm Core,2,424,421,Ashbringer,uncommon,fire,magic,900,1.3,319,319,0,0,600,A device created to unleash fiery explosions.,1,,,0
Firestorm Generator,3,422,421,Ashbringer,uncommon,fire,magic,900,1.3,850,850,0,0,1600,A device created to unleash fiery explosions.,1,,,0
Firestorm Reactor,4,423,421,Ashbringer,uncommon,fire,magic,900,1.3,1487,1487,0,0,2800,A device created to unleash fiery explosions.,1,,,0
Teacher,1,427,427,Deikorim/limfa,uncommon,astral,elemental,900,1.5,86,90,0,0,70,Teacher teaches you to attack!,1,,,0
Clever Teacher,2,428,427,Deikorim/limfa,uncommon,astral,elemental,900,1.5,225,229,0,0,180,Teacher teaches you to attack!,1,,,0
Learned Teacher,3,429,427,Deikorim/limfa,uncommon,astral,elemental,900,1.5,439,443,0,0,350,Teacher teaches you to attack!,1,,,0
Studied Teacher,4,430,427,Deikorim/limfa,uncommon,astral,elemental,900,1.5,1070,1074,0,0,850,Teacher teaches you to attack!,1,,,0
Doctorated Teacher,5,431,427,Deikorim/limfa,uncommon,astral,elemental,900,1.5,2016,2020,0,0,1600,Teacher teaches you to attack!,1,,,0
All-Knowing Teacher,6,432,427,Deikorim/limfa,uncommon,astral,elemental,900,1.5,3151,3155,0,0,2500,Teacher teaches you to attack!,1,,,0
Icy Skulls,1,442,442,MasterCassim,common,ice,elemental,700,1.5,53,58,0,0,35,Chills creeps to the bone.,1,0,5,1
Icy Bones,2,425,442,MasterCassim,common,ice,elemental,700,1.5,589,594,0,0,375,Chills creeps to the bone.,3,19,5,1
Icy Skeleton,3,441,442,MasterCassim,common,ice,elemental,700,1.5,1967,1972,0,0,1250,Chills creeps to the bone.,7,41,5,1
Icy Boneyard,4,443,442,MasterCassim,common,ice,elemental,700,1.5,3503,3508,0,0,2225,Chills creeps to the bone.,11,56,5,1
Snowy Pebble,1,449,449,geX,common,ice,elemental,700,0.9,22,24,0,0,30,Basic tower with a high AoE splash attack with low splash damage. Deals bonus damage to mass creeps.,1,0,4,1
Snowy Stone,2,454,449,geX,common,ice,elemental,720,0.9,96,121,0,0,140,Basic tower with a high AoE splash attack with low splash damage. Deals bonus damage to mass creeps.,1,8,4,1
Snowy Rock,3,455,449,geX,common,ice,elemental,740,0.9,242,302,0,0,360,Basic tower with a high AoE splash attack with low splash damage. Deals bonus damage to mass creeps.,3,19,4,1
Snowy Rock Formation,4,456,449,geX,common,ice,elemental,760,0.9,481,601,0,0,730,Basic tower with a high AoE splash attack with low splash damage. Deals bonus damage to mass creeps.,5,30,4,1
Snowy Cliff,5,452,449,geX,common,ice,elemental,780,0.9,850,1040,0,0,1300,Basic tower with a high AoE splash attack with low splash damage. Deals bonus damage to mass creeps.,8,42,4,1
Snowy Peak,6,457,449,geX,common,ice,elemental,800,0.9,1471,1671,0,0,2200,Basic tower with a high AoE splash attack with low splash damage. Deals bonus damage to mass creeps.,11,56,4,1
Trash Heap,1,458,458,geX,common,iron,physical,1000,2.5,86,96,0,0,35,Basic Tower with an increased chance to find items and some bonus damage against bosses.,1,0,6,1
Spare Part Heap,2,460,458,geX,common,iron,physical,1000,2.5,398,450,0,0,165,Basic Tower with an increased chance to find items and some bonus damage against bosses.,1,10,6,1
Supply Heap,3,462,458,geX,common,iron,physical,1000,2.5,838,968,0,0,350,Basic Tower with an increased chance to find items and some bonus damage against bosses.,3,18,6,1
Weapon Heap,4,463,458,geX,common,iron,physical,1000,2.5,1908,2208,0,0,800,Basic Tower with an increased chance to find items and some bonus damage against bosses.,5,31,6,1
Treasure Heap,5,464,458,geX,common,iron,physical,1000,2.5,3314,3864,0,0,1400,Basic Tower with an increased chance to find items and some bonus damage against bosses.,8,44,6,1
Precious Treasure Heap,6,465,458,geX,common,iron,physical,1000,2.5,5216,6016,0,0,2200,Basic Tower with an increased chance to find items and some bonus damage against bosses.,11,54,6,1
Ruined Storm Cap,1,470,470,geX,common,storm,energy,1600,1.3,24,64,0,0,40,Basic long ranged tower.,1,,3,1
Broken Storm Column,2,475,470,geX,common,storm,energy,1600,1.25,68,228,0,0,160,Basic long ranged tower.,1,,3,1
Storm Column,3,481,470,geX,common,storm,energy,1600,1.2,160,580,0,0,420,Basic long ranged tower.,1,,3,1
Storm Chamber,4,489,470,geX,common,storm,energy,1600,1.15,286,1136,0,0,850,Basic long ranged tower.,1,,3,1
Storm Turret,5,450,470,geX,common,storm,energy,1600,1.15,521,2071,0,0,1550,Basic long ranged tower.,1,,3,1
Storm Destillator,6,500,470,geX,common,storm,energy,1600,1.1,717,3167,0,0,2450,Basic long ranged tower.,1,,3,1
Tree Stump,1,474,474,Monolith,common,nature,physical,950,0.9,24,27,0,0,40,Basic nature tower with the ability to attack multiple targets.,1,,4,1
Tree Trunk,2,634,474,Monolith,common,nature,physical,950,0.9,119,124,0,0,280,Common nature tower with the ability to attack multiple targets.,1,,4,1
Tree,3,635,474,Monolith,common,nature,physical,950,0.9,227,232,0,0,640,Common nature tower with the ability to attack multiple targets.,1,,4,1
Tree Group,4,636,474,Monolith,common,nature,physical,950,0.8,264,269,0,0,1100,Strong nature tower with the ability to attack multiple targets.,1,,4,1
Forest,5,637,474,Monolith,common,nature,physical,950,0.8,541,546,0,0,2250,Mighty nature tower with the ability to attack multiple targets.,1,,4,1
Cold Troll,1,476,476,cedi,uncommon,ice,elemental,900,1.5,71,71,0,0,90,"With his 15 years he is really young, but 15 years in the ice hell of Northrend is something to show.",1,3,,0
Really Cold Troll,2,477,476,cedi,uncommon,ice,elemental,900,1.5,397,397,0,0,600,"Now, he reached the next level...",4,26,,0
Frozen Troll,3,478,476,cedi,uncommon,ice,elemental,900,1.5,738,738,0,0,1200,His father said to him: Stay cool.,7,40,,0
Totally Frozen Troll,4,479,476,cedi,uncommon,ice,elemental,900,1.5,1362,1362,0,0,2400,His father said to him: Stay cool. And he did.,11,57,,0
Lesser Flamy Defender,1,482,482,Natac,common,fire,elemental,700,1.5,111,124,0,0,65,Common elementar defender.,1,,2,1
Small Flamy Defender,2,483,482,Natac,common,fire,elemental,700,1.5,374,418,0,0,220,Common elementar defender.,1,,2,1
Medium Flamy Defender,3,484,482,Natac,common,fire,elemental,700,1.5,1105,1235,0,0,650,Common elementar defender.,1,,2,1
Grand Flamy Defender,4,486,482,Natac,common,fire,elemental,700,1.5,2296,2566,0,0,1350,Common elementar defender.,1,,2,1
Superior Flamy Defender,5,485,482,Natac,common,fire,elemental,700,1.5,4251,4751,0,0,2500,Common elementar defender.,1,,2,1
Lesser Dark Defender,1,487,487,Natac,common,darkness,decay,825,1.1,68,76,0,0,65,Common elementar defender.,1,0,2,1
Small Dark Defender,2,488,487,Natac,common,darkness,decay,825,1.1,228,257,0,0,220,Common elementar defender.,2,13,2,1
Medium Dark Defender,3,490,487,Natac,common,darkness,decay,825,1.1,672,759,0,0,650,Common elementar defender.,4,28,2,1
Grand Dark Defender,4,492,487,Natac,common,darkness,decay,825,1.1,1395,1577,0,0,1350,Common elementar defender.,8,43,2,1
Superior Dark Defender,5,491,487,Natac,common,darkness,decay,825,1.1,2584,2921,0,0,2500,Common elementar defender.,12,60,2,1
Lesser Storm Defender,1,496,496,Natac,common,storm,energy,950,0.8,31,60,0,0,65,Common elementar defender.,1,,2,1
Small Storm Defender,2,497,496,Natac,common,storm,energy,950,0.8,103,202,0,0,220,Common elementar defender.,1,,2,1
Medium Storm Defender,3,493,496,Natac,common,storm,energy,950,0.8,303,595,0,0,650,Common elementar defender.,1,,2,1
Grand Storm Defender,4,494,496,Natac,common,storm,energy,950,0.8,629,1236,0,0,1350,Common elementar defender.,1,,2,1
Superior Storm Defender,5,495,496,Natac,common,storm,energy,950,0.8,1163,2288,0,0,2500,Common elementar defender.,1,,2,1
Lesser Natural Defender,1,498,498,Natac,common,nature,essence,875,1.3,75,94,0,0,65,Common elementar defender.,1,,2,1
Small Natural Defender,2,499,498,Natac,common,nature,essence,875,1.3,251,317,0,0,220,Common elementar defender.,1,,2,1
Medium Natural Defender,3,501,498,Natac,common,nature,essence,875,1.3,741,936,0,0,650,Common elementar defender.,1,,2,1
Grand Natural Defender,4,502,498,Natac,common,nature,essence,875,1.3,1539,1944,0,0,1350,Common elementar defender.,1,,2,1
Superior Natural Defender,5,503,498,Natac,common,nature,essence,875,1.3,2848,3598,0,0,2500,Common elementar defender.,1,,2,1
Lesser Ice Defender,1,507,507,Natac,common,ice,elemental,900,1.4,88,94,0,0,65,Common elementar defender.,1,0,2,1
Lesser Ice Defender,1,507,507,Natac,common,ice,elemental,900,1.4,88,94,0,0,65,Common elementar defender.,1,,2,1
Small Ice Defender,2,508,507,Natac,common,ice,elemental,900,1.4,296,318,0,0,220,Common elementar defender.,2,13,2,1
Small Ice Defender,2,508,507,Natac,common,ice,elemental,900,1.4,296,318,0,0,220,Common elementar defender.,1,,2,1
Medium Ice Defender,3,504,507,Natac,common,ice,elemental,900,1.4,875,940,0,0,650,Common elementar defender.,4,28,2,1
Medium Ice Defender,3,504,507,Natac,common,ice,elemental,900,1.4,875,940,0,0,650,Common elementar defender.,1,,2,1
Grand Ice Defender,4,505,507,Natac,common,ice,elemental,900,1.4,1817,1952,0,0,1350,Common elementar defender.,8,43,2,1
Grand Ice Defender,4,505,507,Natac,common,ice,elemental,900,1.4,1817,1952,0,0,1350,Common elementar defender.,1,,2,1
Superior Ice Defender,5,506,507,Natac,common,ice,elemental,900,1.4,3363,3613,0,0,2500,Common elementar defender.,12,60,2,1
Superior Ice Defender,5,506,507,Natac,common,ice,elemental,900,1.4,3363,3613,0,0,2500,Common elementar defender.,1,,2,1
Lesser Astral Defender,1,510,510,Natac,common,astral,energy,850,1.2,73,84,0,0,65,Common elementar defender.,1,,2,1
Small Astral Defender,2,512,510,Natac,common,astral,energy,850,1.2,246,283,0,0,220,Common elementar defender.,1,,2,1
Medium Astral Defender,3,513,510,Natac,common,astral,energy,850,1.2,725,836,0,0,650,Common elementar defender.,1,,2,1
Grand Astral Defender,4,514,510,Natac,common,astral,energy,850,1.2,1506,1735,0,0,1350,Common elementar defender.,1,,2,1
Superior Astral Defender,5,509,510,Natac,common,astral,energy,850,1.2,2788,3213,0,0,2500,Common elementar defender.,1,,2,1
Lesser Iron Defender,1,515,515,Matac,common,iron,physical,800,1,65,65,0,0,65,Common elementar defender.,1,0,2,1
Lesser Iron Defender,1,515,515,Natac,common,iron,physical,800,1,65,65,0,0,65,Common elementar defender.,1,,2,1
Small Iron Defender,2,518,515,Matac,common,iron,physical,800,1,220,220,0,0,220,Common elementar defender.,2,13,2,1
Small Iron Defender,2,518,515,Natac,common,iron,physical,800,1,220,220,0,0,220,Common elementar defender.,1,,2,1
Medium Iron Defender,3,519,515,Matac,common,iron,physical,800,1,650,650,0,0,650,Common elementar defender.,4,28,2,1
Medium Iron Defender,3,519,515,Natac,common,iron,physical,800,1,650,650,0,0,650,Common elementar defender.,1,,2,1
Grand Iron Defender,4,516,515,Matac,common,iron,physical,800,1,1350,1350,0,0,1350,Common elementar defender.,8,43,2,1
Grand Iron Defender,4,516,515,Natac,common,iron,physical,800,1,1350,1350,0,0,1350,Common elementar defender.,1,,2,1
Superior Iron Defender,5,517,515,Matac,common,iron,physical,800,1,2500,2500,0,0,2500,Common elementar defender.,12,60,2,1
Superior Iron Defender,5,517,515,Natac,common,iron,physical,800,1,2500,2500,0,0,2500,Common elementar defender.,1,,2,1
Annoyed Tree,1,520,520,Boekie,uncommon,nature,physical,950,1.4,142,161,0,0,200,An angry tree that has a chance to throw a big rock at its target.,1,,,0
Angry Tree,2,521,520,Boekie,uncommon,nature,physical,950,1.4,574,593,0,0,800,An angry tree that has a chance to throw a big rock at its target.,1,,,0
Enraged Tree,3,522,520,Boekie,uncommon,nature,physical,950,1.4,1096,1115,0,0,1600,An angry tree that has a chance to throw a big rock at its target.,1,,,0
Mad Tree,4,523,520,Boekie,uncommon,nature,physical,950,1.4,1702,1721,0,0,2600,An angry tree that has a chance to throw a big rock at its target.,1,,,0
Lesser Skeletal Mage,1,527,527,Boekie,uncommon,darkness,decay,900,2,270,270,40,2,150,A tower that increases the damage that creeps suffer.,1,,,0
Skeletal Mage,2,528,527,Boekie,uncommon,darkness,decay,900,2,1169,1169,50,2,650,A tower that increases the damage that creeps suffer.,1,,,0
Skeletal Sorceror,3,529,527,Boekie,uncommon,darkness,decay,900,2,2517,2517,60,2,1400,A tower that increases the damage that creeps suffer.,1,,,0
Skeletal Wizard,4,530,527,Boekie,uncommon,darkness,decay,900,2,3956,3956,70,2,2200,A tower that increases the damage that creeps suffer.,1,,,0
Embershell Turtle Hatchling,1,532,532,Velex,uncommon,fire,decay,800,0.25,49,50,10,1,70,"Embershell Turtles are volatile creatures who tend to sporadically attack just about everything. Luckily, they tend to run out of steam rather quickly.",1,,,0
Embershell Turtle Nestling,2,533,532,Velex,uncommon,fire,decay,800,0.25,181,182,12,1,260,"Embershell Turtles are volatile creatures who tend to sporadically attack just about everything. Luckily, they tend to run out of steam rather quickly.",1,,,0
Embershell Turtle Loner,3,534,532,Velex,uncommon,fire,decay,800,0.25,453,454,14,1,650,"Embershell Turtles are volatile creatures who tend to sporadically attack just about everything. Luckily, they tend to run out of steam rather quickly.",1,,,0
Embershell Turtle Adult,4,535,532,Velex,uncommon,fire,decay,800,0.25,1044,1045,16,1,1500,"Embershell Turtles are volatile creatures who tend to sporadically attack just about everything. Luckily, they tend to run out of steam rather quickly.",1,,,0
Embershell Turtle Matriarch,5,536,532,Velex,uncommon,fire,decay,800,0.25,1880,1881,18,1,2700,"Embershell Turtles are volatile creatures who tend to sporadically attack just about everything. Luckily, they tend to run out of steam rather quickly.",1,,,0
Cold Obelisk,1,539,539,Boekie,uncommon,ice,elemental,600,2.1,681,681,0,0,400,"A frightfully blue column of solid ice, worshipped by cold blooded folk.",3,20,,0
Icy Obelisk,2,540,539,Boekie,uncommon,ice,elemental,600,2.1,1989,1989,0,0,1200,"A frightfully blue column of solid ice, worshipped by cold blooded folk.",7,40,,0
Frozen Obelisk,3,541,539,Boekie,uncommon,ice,elemental,600,2.1,4445,4445,0,0,2750,"A frightfully blue column of solid ice, worshipped by cold blooded folk.",13,63,,0
Small Pocket Rocket,1,544,544,Boekie,common,iron,physical,700,1.65,75,96,0,0,55,This tower attacks with rockets that deal splash damage and deal extra damage to mass.,1,0,3,1
Pocket Rocket,2,545,544,Boekie,common,iron,physical,700,1.65,249,270,0,0,170,This tower attacks with rockets that deal splash damage and deal extra damage to mass.,1,10,3,1
Upgraded Pocket Rocket,3,546,544,Boekie,common,iron,physical,700,1.65,711,754,0,0,485,This tower attacks with rockets that deal splash damage and deal extra damage to mass.,3,23,3,1
Advanced Pocket Rocket,4,547,544,Boekie,common,iron,physical,700,1.65,1863,1884,0,0,1255,This tower attacks with rockets that deal splash damage and deal extra damage to mass.,7,41,3,1
Ultimate Pocket Rocket,5,548,544,Boekie,common,iron,physical,700,1.65,3133,3154,0,0,2130,This tower attacks with rockets that deal splash damage and deal extra damage to mass.,11,55,3,1
Broken Fire Pit,1,555,555,Boekie,common,fire,decay,800,0.9,57,57,0,0,70,A fire pit that has the ability to unleash some powerful flames.,1,,5,1
Burning Fire Pit,2,558,555,Boekie,common,fire,decay,800,0.9,157,157,0,0,200,A fire pit that has the ability to unleash some powerful flames.,1,,5,1
Expanded Fire Pit,3,559,555,Boekie,common,fire,decay,800,0.9,455,455,0,0,600,A fire pit that has the ability to unleash some powerful flames.,1,,5,1
Wealthy Fire Pit,4,585,555,Boekie,common,fire,decay,800,0.9,951,951,0,0,1300,A fire pit that has the ability to unleash some powerful flames.,1,,5,1
Luxurious Fire Pit,5,560,555,Boekie,common,fire,decay,800,0.9,1692,1692,0,0,2400,A fire pit that has the ability to unleash some powerful flames.,1,,5,1
Abominable Snowman,1,566,566,drol,common,ice,energy,900,1.5,45,48,0,0,52,"Trained in surviving even the coldest winters, this creature has strengths unimagineable.",1,0,3,1
Greater Abominable Snowman,2,567,566,drol,common,ice,energy,900,1.5,220,236,0,0,240,"Trained in surviving even the coldest winters, this creature has strengths unimagineable.",2,13,3,1
Large Abominable Snowman,3,568,566,drol,common,ice,energy,900,1.5,650,689,0,0,693,"Trained in surviving even the coldest winters, this creature has strengths unimagineable.",4,28,3,1
Major Abominable Snowman,4,589,566,drol,common,ice,energy,900,1.5,1100,1148,0,0,1152,"Trained in surviving even the coldest winters, this creature has strengths unimagineable.",7,38,3,1
Collosal Abominable Snowman,5,588,566,drol,common,ice,energy,900,1.5,2200,2259,0,0,2263,"Trained in surviving even the coldest winters, this creature has strengths unimagineable.",11,56,3,1
Ash Geyser,1,571,571,drol,uncommon,fire,elemental,1100,1.8,106,115,0,0,120,A sleeping geyser that only sprouts fire now and then.,1,,,0
Fire Geyser,2,572,571,drol,uncommon,fire,elemental,1100,1.8,315,334,0,0,360,A sleeping geyser that only sprouts fire now and then.,1,,,0
Lava Geyser,3,573,571,drol,uncommon,fire,elemental,1100,1.8,646,685,0,0,750,A sleeping geyser that only sprouts fire now and then.,1,,,0
Magma Geyser,4,574,571,drol,uncommon,fire,elemental,1100,1.8,1181,1260,0,0,1400,A sleeping geyser that only sprouts fire now and then.,1,,,0
Volcanic Geyser,5,122,571,drol,uncommon,fire,elemental,1100,1.8,2348,2447,0,0,2800,A sleeping geyser that only sprouts fire now and then.,1,,,0
Broken Cage,1,580,580,Chronos,common,darkness,decay,800,1.5,88,93,0,0,70,"Common darkness tower, adept at eliminating magical, nature and undead foes.",1,,7,1
Restored Cage,2,581,580,Chronos,common,darkness,decay,800,1.5,299,304,0,0,250,"Common darkness tower, adept at eliminating magical, nature and undead foes.",1,,7,1
Caged Soul,3,582,580,Chronos,common,darkness,decay,800,1.5,750,755,0,0,660,"Common darkness tower, adept at eliminating magical, nature and undead foes.",1,,7,1
Trapped Souls,4,583,580,Chronos,common,darkness,decay,800,1.5,1329,1334,0,0,1240,"Common darkness tower, adept at eliminating magical, nature and undead foes.",1,,7,1
Soul Prison,5,584,580,Chronos,common,darkness,decay,800,1.5,2253,2258,0,0,2200,"Common darkness tower, adept at eliminating magical, nature and undead foes.",1,,7,1
Fiery Pebble,1,586,586,geX,common,fire,elemental,900,1.2,31,36,0,0,30,Basic tower with low splash damage,1,,1,1
Fiery Stone,2,630,586,geX,common,fire,elemental,900,1.2,147,171,0,0,150,Basic tower with low splash damage,1,,1,1
Fiery Rock,3,653,586,geX,common,fire,elemental,900,1.2,389,455,0,0,400,Basic tower with low splash damage,1,,1,1
Fiery Rock Formation,4,451,586,geX,common,fire,elemental,900,1.2,775,904,0,0,800,Basic tower with low splash damage,1,,1,1
Burning Rock,5,2,586,geX,common,fire,elemental,900,1.2,1343,1582,0,0,1400,Basic tower with low splash damage,1,,1,1
Hell Rock,6,35,586,geX,common,fire,elemental,900,1.2,2247,2637,0,0,2350,Basic tower with low splash damage,1,,1,1
Healing Obelisk,1,587,587,SirCoqalot.,uncommon,astral,elemental,1000,1.5,674,736,0,0,300,Basic tower that can't hold back its holy powers for long.,,,,0
Healing Monument,2,627,587,SirCoqalot.,uncommon,astral,elemental,1000,1.5,2614,2676,0,0,1000,Basic tower that can't hold back its holy powers for long.,,,,0
Healing Altar,3,628,587,SirCoqalot.,uncommon,astral,elemental,1000,1.5,5554,5616,0,0,1900,Basic tower that can't hold back its holy powers for long.,,,,0
Healing Shrine,4,629,587,SirCoqalot.,uncommon,astral,elemental,1000,1.5,10109,10171,0,0,3000,Basic tower that can't hold back its holy powers for long.,,,,0
Lesser Priest,1,590,590,Boekie,uncommon,astral,elemental,1000,2,97,97,0,0,90,This holy priest is able to smite creeps. It's very weak at the start but becomes a lot stronger when it gains experience.,1,,,0
Priest,2,597,590,Boekie,uncommon,astral,elemental,1000,2,301,301,0,0,290,This holy priest is able to smite creeps. It's very weak at the start but becomes a lot stronger when it gains experience.,1,,,0
Experienced Priest,3,598,590,Boekie,uncommon,astral,elemental,1000,2,668,668,0,0,799,This holy priest is able to smite creeps. It's very weak at the start but becomes a lot stronger when it gains experience.,1,,,0
Holy Priest,4,599,590,Boekie,uncommon,astral,elemental,1000,2,1279,1279,0,0,1400,This holy priest is able to smite creeps. It's very weak at the start but becomes a lot stronger when it gains experience.,1,,,0
Divine Priest,5,600,590,Boekie,uncommon,astral,elemental,1000,2,2179,2179,0,0,2500,This holy priest is able to smite creeps. It's very weak at the start but becomes a lot stronger when it gains experience.,1,,,0
Small Frozen Mushroom,1,591,591,BetrayedKnight,common,ice,elemental,950,1.1,57,62,0,0,70,A colony of mushrooms able to chill living flesh. Deals bonus damage to humanoids orcs and nature but is weak against undead.,1,0,6,1
Frozen Mushroom,2,592,591,BetrayedKnight,common,ice,elemental,950,1.1,201,212,0,0,245,A colony of mushrooms able to chill living flesh. Deals bonus damage to humanoids orcs and nature but is weak against undead.,2,14,6,1
Deep Frozen Mushroom,3,593,591,BetrayedKnight,common,ice,elemental,950,1.1,563,580,0,0,680,A colony of mushrooms able to chill living flesh. Deals bonus damage to humanoids orcs and nature but is weak against undead.,5,28,6,1
Utterly Frozen Mushroom,4,594,591,BetrayedKnight,common,ice,elemental,950,1.1,1177,1200,0,0,1450,A colony of mushrooms able to chill living flesh. Deals bonus damage to humanoids orcs and nature but is weak against undead.,8,44,6,1
Devastatingly Frozen Mushroom,5,595,591,BetrayedKnight,common,ice,elemental,950,1.1,1878,1925,0,0,2350,"Gex would release new versions of YouTD every day if you threatened him with this. Deals bonus damage to orcs humanoids and nature, deals lesser damage to undead. Brrr!",11,58,6,1
Rowing Boat,1,608,608,Matac,uncommon,iron,physical,900,1.7,434,434,0,0,300,A small rowing boat with two seamen.,2,16,,0
Frigate,2,609,608,Matac,uncommon,iron,physical,900,1.7,1345,1345,0,0,900,A small ship with less weapons.,6,34,,0
Battleship,3,610,608,Matac,uncommon,iron,physical,900,1.7,2342,2342,0,0,1500,A big ship for naval battles.,8,45,,0
Destroyer,4,611,608,Matac,uncommon,iron,physical,900,1.7,3932,3932,0,0,2400,The pride of the navy.,11,59,,0
Basic Knowledge,1,617,617,SirCoqalot.,uncommon,astral,energy,960,2.6,415,415,0,0,200,Basic astral tower that strengthens itself by acummulating knowledge from its books.,1,,,0
Accumulated Knowledge,2,618,617,SirCoqalot.,uncommon,astral,energy,960,2.6,960,960,0,0,450,Basic astral tower that strengthens itself by acummulating knowledge from its books.,1,,,0
Small Library,3,619,617,SirCoqalot.,uncommon,astral,energy,960,2.6,2083,2083,0,0,950,Basic astral tower that strengthens itself by acummulating knowledge from its books.,1,,,0
Library,4,620,617,SirCoqalot.,uncommon,astral,energy,960,2.6,3602,3602,0,0,1600,Basic astral tower that strengthens itself by acummulating knowledge from its books.,1,,,0
Elder Library,5,621,617,SirCoqalot.,uncommon,astral,energy,960,2.6,5546,5546,0,0,2400,Basic astral tower that strengthens itself by acummulating knowledge from its books.,1,,,0
Ruined Monolith,1,638,638,drol,common,storm,physical,1050,1.5,47,51,0,0,50,Covered with ancient runes from rituals practiced ages ago.,1,,5,1
Monolith,2,639,638,drol,common,storm,physical,1050,1.5,136,150,0,0,150,Covered with ancient runes from rituals practiced ages ago.,1,,5,1
Enchanted Monolith,3,640,638,drol,common,storm,physical,1050,1.5,264,293,0,0,300,Covered with ancient runes from rituals practiced ages ago.,1,,5,1
Monolith of Lightning,4,641,638,drol,common,storm,physical,1050,1.5,511,570,0,0,600,Covered with ancient runes from rituals practiced ages ago.,1,,5,1
Monolith of Thunder,5,642,638,drol,common,storm,physical,1050,1.5,992,1111,0,0,1200,Covered with ancient runes from rituals practiced ages ago.,1,,5,1
Monolith of the Gathering Storm,6,643,638,drol,common,storm,physical,1050,1.5,1924,2163,0,0,2400,Covered with ancient runes from rituals practiced ages ago.,1,,5,1
Rotted Flashing Grave,1,650,650,Natac,common,storm,energy,2000,1,36,36,0,0,70,"A common grave of a fallen storm warrior, whose wrath outlasts its death and still seeks for revenge.",1,,4,1
Restored Flashing Grave,2,668,650,Natac,common,storm,energy,2000,1,75,77,0,0,140,"A common grave of a fallen storm warrior, whose wrath outlasts its death and still seeks for revenge.",1,,4,1
Maintenanced Flashing Grave,3,669,650,Natac,common,storm,energy,2000,1,150,152,0,0,280,"A common grave of a fallen storm warrior, whose wrath outlasts its death and still seeks for revenge.",1,,4,1
Flashing Cenotaph,4,672,650,Natac,common,storm,energy,2000,1,301,303,0,0,560,"A common grave of a fallen storm warrior, whose wrath outlasts its death and still seeks for revenge.",1,,4,1
Elegant Flashing Cenotaph,5,670,650,Natac,common,storm,energy,2000,1,604,606,0,0,1120,"A common grave of a fallen storm warrior, whose wrath outlasts its death and still seeks for revenge.",1,,4,1
Flashing Monument,6,671,650,Natac,common,storm,energy,2000,1,1208,1210,0,0,2240,"A common grave of a fallen storm warrior, whose wrath outlasts its death and still seeks for revenge.",1,,4,1
Sewer Connection,1,654,654,D1000,uncommon,iron,essence,800,1.2,163,163,0,0,200,A connection to the canalization. Toxic vapors are leaking out.,1,12,,0
Broken Pipeline,2,655,654,D1000,uncommon,iron,essence,800,1.2,489,489,0,0,600,A pipeline which transports poisonous substances. Toxic vapors and other dangerous things are leaking out at the broken spot.,4,26,,0
Chemical Center,3,656,654,D1000,uncommon,iron,essence,800,1.2,979,979,0,0,1200,An assembly point for a lot of pipelines. Not less leaky spots were formed during the years. Everthing is contaminated by toxic substances.,7,40,,0
Contaminated Hitch,4,657,654,D1000,uncommon,iron,essence,800,1.2,1794,1794,0,0,2200,An extremly inhospitable place. Stinking and toxic fluids and gases are everywhere. It seems that somewhere in the middle of the construct something is glowing....,11,56,,0
Burning Watchtower,1,658,659,Natac,uncommon,fire,elemental,800,1.4,51,52,0,0,65,Burning structure with a small synergetic effect for its element.,1,,,0
Burning Sentry,2,659,659,Natac,uncommon,fire,elemental,800,1.38,286,287,0,0,370,Burning structure with a small synergetic effect for its element.,1,,,0
Burning Outpost,3,660,659,Natac,uncommon,fire,elemental,800,1.36,759,760,0,0,1000,Burning structure with a small synergetic effect for its element.,1,,,0
Burning Fortress,4,661,659,Natac,uncommon,fire,elemental,800,1.34,1865,1866,0,0,2500,Burning structure with a small synergetic effect for its element.,1,,,0
Sniper,1,662,662,cedi,uncommon,iron,physical,1400,2.5,425,425,0,0,300,"A long ranged tower which is good against bosses, but weak against mass creeps.",2,16,,0
Skilled Sniper,2,663,662,cedi,uncommon,iron,physical,1400,2.5,1276,1276,0,0,900,"A long ranged tower which is good against bosses, but weak against mass creeps.",6,34,,0
Sniper Nest,3,664,662,cedi,uncommon,iron,physical,1400,2.5,2551,2551,0,0,1800,"A long ranged tower which is good against bosses, but weak against mass creeps.",9,50,,0
Fortified Sniper Nest,4,665,662,cedi,uncommon,iron,physical,1400,2.5,4252,4252,0,0,3000,"A long ranged tower which is good against bosses, but weak against mass creeps.",13,66,,0
Baby Plant,1,673,673,Boekie,common,nature,decay,825,1.75,108,108,0,0,65,This plant is small but it grows very fast!,1,,5,1
Small Plant,2,674,673,Boekie,common,nature,decay,825,1.75,215,215,0,0,135,This plant is small but it grows very fast!,1,,5,1
Plant,3,675,673,Boekie,common,nature,decay,825,1.75,454,454,0,0,300,This plant is small but it grows very fast!,1,,5,1
Growing Plant,4,676,673,Boekie,common,nature,decay,825,1.75,920,920,0,0,640,This plant is small but it grows very fast!,1,,5,1
Fast Growing Plant,5,677,673,Boekie,common,nature,decay,825,1.75,1933,1933,0,0,1400,This plant is small but it grows very fast!,1,,5,1
Mutating Plant,6,678,673,Boekie,common,nature,decay,825,1.75,3440,3440,0,0,2600,This plant is small but it grows very fast!,1,,5,1
Rooted Chasm,1,680,680,SirCoqalot.,uncommon,nature,essence,950,1.4,47,47,0,0,45,Basic Tower that has a small chance to root creeps it attacks.,1,,,0
Blooming Chasm,2,681,680,SirCoqalot.,uncommon,nature,essence,950,1.4,289,289,0,0,275,Basic Tower that has a small chance to root creeps it attacks.,1,,,0
Cultivated Chasm,3,682,680,SirCoqalot.,uncommon,nature,essence,950,1.4,961,961,0,0,915,Basic Tower that has a small chance to root creeps it attacks.,1,,,0
Flourishing Chasm,4,679,680,SirCoqalot.,uncommon,nature,essence,950,1.4,2258,2258,0,0,2150,Basic Tower that has a small chance to root creeps it attacks.,1,,,0
Polar Bear Cub,1,683,683,SirCoqalot.,uncommon,ice,elemental,900,1.3,503,603,0,0,600,Fast tower that is focused on dealing damage while cooling itself down.,8,44,,0
Polar Bear,2,9,683,SirCoqalot.,uncommon,ice,elemental,900,1.35,1108,1208,0,0,1400,Fast tower that is focused on dealing damage while cooling itself down.,11,54,,0
Elder Polar Bear,3,10,683,SirCoqalot.,uncommon,ice,elemental,900,1.3,2127,2227,0,0,2950,Fast tower that is focused on dealing damage while cooling itself down.,13,66,,0
Frosty Rock,1,684,684,SirCoqalot.,uncommon,ice,energy,760,2.3,237,237,0,0,100,Iced formation radiating blistering cold.,1,0,,0
Frosty Rock,1,684,684,SirCoqalot.,uncommon,ice,energy,760,2.3,237,237,0,0,100,Iced formation radiating blistering cold.,1,,,0
Frozen Rock,2,685,684,SirCoqalot.,uncommon,ice,energy,760,2.3,1156,1156,0,0,520,"Uncommon tower, which will slow the creeps it attacks. Each attack will increase the chance to stun a target.",4,24,,0
Frozen Rock,2,685,684,SirCoqalot.,uncommon,ice,energy,760,2.3,1156,1156,0,0,520,"Uncommon tower, which will slow the creeps it attacks. Each attack will increase the chance to stun a target.",1,,,0
Glacier Tongue,3,686,684,SirCoqalot.,uncommon,ice,energy,760,2.3,2698,2698,0,0,1300,Iced formation radiating blistering cold.,8,42,,0
Glacier Tongue,3,686,684,SirCoqalot.,uncommon,ice,energy,760,2.3,2698,2698,0,0,1300,Iced formation radiating blistering cold.,1,,,0
Glacier,4,330,684,SirCoqalot.,uncommon,ice,energy,760,2.3,4144,4144,0,0,2150,Iced formation radiating blistering cold.,12,60,,0
Glacier Tongue,4,330,684,SirCoqalot.,uncommon,ice,energy,760,2.3,4144,4144,0,0,2150,Iced formation radiating blistering cold.,1,,,0
