tower_id,name,radius,targets_creeps,affected_by_farseer
1,Normal attack,800,TRUE,FALSE
2,Normal attack,900,TRUE,FALSE
3,Normal attack,950,TRUE,FALSE
3,Mana Distortion Field,200,FALSE,TRUE
4,Normal attack,875,TRUE,FALSE
4,Soul Revenge,875,TRUE,FALSE
5,Normal attack,1200,TRUE,FALSE
5,Lunar Grace,1200,TRUE,FALSE
6,Normal attack,875,TRUE,FALSE
6,Soul Revenge,875,TRUE,FALSE
7,Normal attack,875,TRUE,FALSE
7,Soul Revenge,875,TRUE,FALSE
8,Normal attack,875,TRUE,FALSE
8,Soul Revenge,875,TRUE,FALSE
9,Normal attack,900,TRUE,FALSE
10,Normal attack,900,TRUE,FALSE
11,Normal attack,700,TRUE,FALSE
12,Normal attack,700,TRUE,FALSE
13,Normal attack,700,TRUE,FALSE
14,Normal attack,700,TRUE,FALSE
15,Normal attack,700,TRUE,FALSE
16,Normal attack,700,TRUE,FALSE
17,Normal attack,750,TRUE,FALSE
18,Normal attack,750,TRUE,FALSE
19,Normal attack,750,TRUE,FALSE
20,Normal attack,750,TRUE,FALSE
21,Normal attack,750,TRUE,FALSE
22,Normal attack,750,TRUE,FALSE
23,Normal attack,950,TRUE,FALSE
23,Time Twist,240,FALSE,TRUE
23,Time Field,950,TRUE,FALSE
24,Normal attack,725,TRUE,FALSE
25,Normal attack,725,TRUE,FALSE
26,Normal attack,725,TRUE,FALSE
27,Normal attack,725,TRUE,FALSE
28,Normal attack,700,TRUE,FALSE
29,Normal attack,700,TRUE,FALSE
30,Normal attack,700,TRUE,FALSE
31,Normal attack,925,TRUE,FALSE
31,Alert,500,FALSE,FALSE
31,Trespasser Awareness,925,TRUE,FALSE
32,Normal attack,925,TRUE,FALSE
32,Alert,500,FALSE,FALSE
32,Trespasser Awareness,925,TRUE,FALSE
33,Normal attack,925,TRUE,FALSE
33,Alert,500,FALSE,FALSE
33,Trespasser Awareness,925,TRUE,FALSE
34,Normal attack,900,TRUE,FALSE
34,Shock,900,TRUE,FALSE
35,Normal attack,900,TRUE,FALSE
36,Normal attack,750,TRUE,FALSE
36,Chaos,750,TRUE,FALSE
37,Normal attack,850,TRUE,FALSE
37,Timesurge,600,FALSE,TRUE
38,Normal attack,900,TRUE,FALSE
38,Cloud of Absorption,1000,TRUE,TRUE
38,Cloudy Thunderstorm,1000,TRUE,FALSE
39,Normal attack,875,TRUE,FALSE
40,Normal attack,875,TRUE,FALSE
41,Normal attack,820,TRUE,FALSE
42,Normal attack,820,TRUE,FALSE
43,Normal attack,820,TRUE,FALSE
44,Normal attack,820,TRUE,FALSE
45,Normal attack,820,TRUE,FALSE
46,Normal attack,750,TRUE,FALSE
46,Presence of the Rift,750,TRUE,TRUE
47,Normal attack,750,TRUE,FALSE
47,Ground Smash,750,TRUE,FALSE
47,Earthquake Aura,150,FALSE,TRUE
48,Normal attack,800,TRUE,FALSE
48,Quillspray,800,TRUE,FALSE
49,Normal attack,1200,TRUE,FALSE
49,Lunar Grace,1200,TRUE,FALSE
50,Normal attack,1200,TRUE,FALSE
50,Lunar Grace,1200,TRUE,FALSE
51,Normal attack,1200,TRUE,FALSE
51,Lunar Grace,1200,TRUE,FALSE
52,Normal attack,820,TRUE,FALSE
53,Normal attack,875,TRUE,FALSE
54,Normal attack,1200,TRUE,FALSE
54,Electric Field,1000,TRUE,FALSE
54,Charge,1200,FALSE,FALSE
55,Normal attack,875,TRUE,FALSE
56,Normal attack,875,TRUE,FALSE
57,Normal attack,875,TRUE,FALSE
58,Normal attack,700,TRUE,FALSE
59,Normal attack,900,TRUE,FALSE
60,Normal attack,900,TRUE,FALSE
61,Normal attack,900,TRUE,FALSE
62,Normal attack,900,TRUE,FALSE
63,Normal attack,800,TRUE,FALSE
64,Normal attack,800,TRUE,FALSE
64,Quillspray,800,TRUE,FALSE
65,Normal attack,800,TRUE,FALSE
65,Quillspray,800,TRUE,FALSE
66,Normal attack,1200,TRUE,FALSE
66,Shamanic Totem,500,FALSE,FALSE
66,Fighter Totem,500,FALSE,FALSE
66,Demonic Fire,1200,TRUE,FALSE
67,Normal attack,700,TRUE,FALSE
68,Normal attack,700,TRUE,FALSE
69,Normal attack,700,TRUE,FALSE
70,Normal attack,800,TRUE,FALSE
70,Roar,420,FALSE,FALSE
71,Normal attack,800,TRUE,FALSE
71,Sunshine,800,TRUE,TRUE
72,Normal attack,1100,TRUE,FALSE
72,Sunshine,1100,TRUE,TRUE
73,Normal attack,800,TRUE,FALSE
73,Roar,420,FALSE,FALSE
74,Normal attack,800,TRUE,FALSE
74,Roar,420,FALSE,FALSE
75,Normal attack,800,TRUE,FALSE
75,Roar,420,FALSE,FALSE
76,Normal attack,800,TRUE,FALSE
76,Roar,420,FALSE,FALSE
77,Normal attack,1000,TRUE,FALSE
77,Extreme Cold,900,TRUE,FALSE
78,Normal attack,1000,TRUE,FALSE
78,Extreme Cold,900,TRUE,FALSE
79,Normal attack,1000,TRUE,FALSE
79,Extreme Cold,900,TRUE,FALSE
80,Normal attack,850,TRUE,FALSE
81,Normal attack,850,TRUE,FALSE
82,Normal attack,850,TRUE,FALSE
83,Normal attack,900,TRUE,FALSE
83,Wind Shear,300,FALSE,FALSE
84,Normal attack,900,TRUE,FALSE
84,Aura of Light,300,FALSE,TRUE
85,Normal attack,900,TRUE,FALSE
85,Aura of Light,300,FALSE,TRUE
86,Normal attack,900,TRUE,FALSE
86,Aura of Light,300,FALSE,TRUE
87,Normal attack,900,TRUE,FALSE
87,Wind Shear,300,FALSE,FALSE
88,Normal attack,900,TRUE,FALSE
88,Wind Shear,300,FALSE,FALSE
89,Normal attack,900,TRUE,FALSE
89,Wind Shear,300,FALSE,FALSE
90,Normal attack,900,TRUE,FALSE
90,Wind Shear,300,FALSE,FALSE
91,Normal attack,950,TRUE,FALSE
92,Normal attack,950,TRUE,FALSE
93,Normal attack,950,TRUE,FALSE
94,Normal attack,1050,TRUE,FALSE
94,Snake Charm,200,FALSE,FALSE
95,Normal attack,1050,TRUE,FALSE
95,Snake Charm,200,FALSE,FALSE
96,Normal attack,1050,TRUE,FALSE
96,Snake Charm,200,FALSE,FALSE
97,Normal attack,1050,TRUE,FALSE
97,Snake Charm,200,FALSE,FALSE
98,Normal attack,850,TRUE,FALSE
98,Ice Claw,850,TRUE,FALSE
99,Normal attack,500,TRUE,FALSE
99,Jolt,500,FALSE,FALSE
100,Normal attack,925,TRUE,FALSE
100,Flowing Frost,500,FALSE,TRUE
101,Normal attack,800,TRUE,FALSE
101,Curse of the Silent,800,TRUE,FALSE
101,Global Silence,350,FALSE,TRUE
102,Normal attack,825,TRUE,FALSE
103,Normal attack,850,TRUE,FALSE
103,Ice Claw,850,TRUE,FALSE
104,Normal attack,850,TRUE,FALSE
104,Ice Claw,850,TRUE,FALSE
105,Normal attack,850,TRUE,FALSE
105,Ice Claw,850,TRUE,FALSE
106,Normal attack,850,TRUE,FALSE
106,Ice Claw,850,TRUE,FALSE
107,Normal attack,850,TRUE,FALSE
108,Normal attack,800,TRUE,FALSE
109,Normal attack,800,TRUE,FALSE
110,Normal attack,800,TRUE,FALSE
111,Normal attack,800,TRUE,FALSE
112,Normal attack,820,TRUE,FALSE
112,Calming Noises,250,FALSE,TRUE
113,Normal attack,800,TRUE,FALSE
114,Normal attack,800,TRUE,FALSE
114,Serpent Ward,800,TRUE,FALSE
114,Maledict,800,TRUE,FALSE
115,Normal attack,950,TRUE,FALSE
115,Spell Absorb,650,FALSE,TRUE
116,Normal attack,950,TRUE,FALSE
116,Spell Absorb,650,FALSE,TRUE
117,Normal attack,750,TRUE,FALSE
118,Normal attack,750,TRUE,FALSE
119,Normal attack,750,TRUE,FALSE
120,Normal attack,750,TRUE,FALSE
121,Normal attack,1000,TRUE,FALSE
122,Normal attack,1100,TRUE,FALSE
123,Normal attack,1000,TRUE,FALSE
123,Energy Absorb,1000,FALSE,FALSE
124,Normal attack,1000,TRUE,FALSE
124,Energy Absorb,1000,FALSE,FALSE
125,Normal attack,900,TRUE,FALSE
126,Normal attack,900,TRUE,FALSE
127,Normal attack,900,TRUE,FALSE
128,Normal attack,900,TRUE,FALSE
129,Normal attack,900,TRUE,FALSE
130,Normal attack,1600,TRUE,FALSE
130,Gust,800,FALSE,TRUE
130,Freezing Gust,800,FALSE,FALSE
131,Normal attack,900,TRUE,FALSE
131,Magic Boost,350,FALSE,FALSE
132,Normal attack,890,TRUE,FALSE
132,Shadowbolt Wave,1000,TRUE,FALSE
132,Siphon Essence,400,FALSE,FALSE
133,Normal attack,890,TRUE,FALSE
133,Shadowbolt Wave,1000,TRUE,FALSE
133,Slow Decay,750,TRUE,TRUE
133,Siphon Essence,400,FALSE,FALSE
134,Normal attack,950,TRUE,FALSE
135,Normal attack,950,TRUE,FALSE
136,Normal attack,950,TRUE,FALSE
137,Normal attack,950,TRUE,FALSE
138,Normal attack,950,TRUE,FALSE
139,Normal attack,950,TRUE,FALSE
139,Flaming Inferno,950,TRUE,FALSE
140,Normal attack,1000,TRUE,FALSE
141,Normal attack,1000,TRUE,FALSE
141,Sentry,800,TRUE,FALSE
142,Normal attack,900,TRUE,FALSE
143,Normal attack,900,TRUE,FALSE
144,Normal attack,900,TRUE,FALSE
145,Normal attack,1000,TRUE,FALSE
145,Sparks,500,FALSE,FALSE
146,Normal attack,1000,TRUE,FALSE
146,Sparks,500,FALSE,FALSE
147,Normal attack,850,TRUE,FALSE
148,Normal attack,850,TRUE,FALSE
149,Normal attack,850,TRUE,FALSE
150,Normal attack,750,TRUE,FALSE
151,Normal attack,750,TRUE,FALSE
152,Normal attack,750,TRUE,FALSE
153,Normal attack,750,TRUE,FALSE
154,Normal attack,750,TRUE,FALSE
155,Normal attack,750,TRUE,FALSE
156,Normal attack,1000,TRUE,FALSE
157,Normal attack,900,TRUE,FALSE
157,Hammer Fall,900,TRUE,FALSE
158,Normal attack,1200,TRUE,FALSE
158,Xeno Vulnerability Research,280,FALSE,TRUE
159,Normal attack,1200,TRUE,FALSE
160,Normal attack,1200,TRUE,FALSE
161,Normal attack,800,TRUE,FALSE
162,Normal attack,800,TRUE,FALSE
163,Normal attack,800,TRUE,FALSE
164,Normal attack,800,TRUE,FALSE
165,Normal attack,1000,TRUE,FALSE
165,Corpse Explosion,1000,TRUE,FALSE
166,Normal attack,900,TRUE,FALSE
167,Normal attack,800,TRUE,FALSE
167,Static Field,350,FALSE,TRUE
168,Normal attack,1000,TRUE,FALSE
168,Extract Experience,1000,TRUE,FALSE
169,Normal attack,850,TRUE,FALSE
170,Normal attack,800,TRUE,FALSE
170,Kodo Dung,400,FALSE,TRUE
171,Normal attack,1000,TRUE,FALSE
171,Corpse Explosion,1000,TRUE,FALSE
172,Normal attack,1000,TRUE,FALSE
172,Corpse Explosion,1000,TRUE,FALSE
173,Normal attack,1000,TRUE,FALSE
173,Corpse Explosion,1000,TRUE,FALSE
174,Normal attack,825,TRUE,FALSE
175,Normal attack,825,TRUE,FALSE
176,Normal attack,825,TRUE,FALSE
177,Normal attack,500,TRUE,FALSE
177,Jolt,500,FALSE,FALSE
178,Normal attack,500,TRUE,FALSE
178,Jolt,500,FALSE,FALSE
179,Normal attack,850,TRUE,FALSE
180,Normal attack,850,TRUE,FALSE
181,Normal attack,850,TRUE,FALSE
182,Normal attack,850,TRUE,FALSE
183,Normal attack,1100,TRUE,FALSE
183,Love Potion,1100,TRUE,FALSE
184,Normal attack,1100,TRUE,FALSE
184,Love Potion,1100,TRUE,FALSE
185,Normal attack,1100,TRUE,FALSE
185,Love Potion,1100,TRUE,FALSE
186,Normal attack,700,TRUE,FALSE
187,Normal attack,700,TRUE,FALSE
188,Normal attack,700,TRUE,FALSE
189,Normal attack,700,TRUE,FALSE
190,Normal attack,900,TRUE,FALSE
190,Energy Detection,900,TRUE,FALSE
191,Normal attack,900,TRUE,FALSE
191,Energy Detection,900,TRUE,FALSE
192,Normal attack,875,TRUE,FALSE
193,Normal attack,875,TRUE,FALSE
194,Normal attack,875,TRUE,FALSE
195,Normal attack,875,TRUE,FALSE
196,Normal attack,1000,TRUE,FALSE
197,Normal attack,800,TRUE,FALSE
197,Release Energy,800,TRUE,FALSE
198,Normal attack,800,TRUE,FALSE
198,Release Energy,800,TRUE,FALSE
199,Normal attack,1200,TRUE,FALSE
199,Thunderstorm,1000,FALSE,FALSE
200,Normal attack,750,TRUE,FALSE
200,Crush!,500,FALSE,FALSE
201,Normal attack,1200,TRUE,FALSE
201,Stim,1200,FALSE,FALSE
202,Normal attack,1600,TRUE,FALSE
203,Normal attack,900,TRUE,FALSE
203,Melt,900,TRUE,TRUE
204,Normal attack,900,TRUE,FALSE
204,Melt,900,TRUE,TRUE
205,Normal attack,800,TRUE,FALSE
206,Normal attack,800,TRUE,FALSE
207,Normal attack,800,TRUE,FALSE
208,Normal attack,800,TRUE,FALSE
209,Normal attack,800,TRUE,FALSE
210,Normal attack,1500,TRUE,FALSE
210,Lightmare,1500,FALSE,FALSE
211,Normal attack,1100,TRUE,FALSE
211,Fresh Fish!,500,FALSE,FALSE
212,Normal attack,900,TRUE,FALSE
212,Twin Pulses,900,TRUE,FALSE
213,Normal attack,900,TRUE,FALSE
213,Twin Pulses,900,TRUE,FALSE
214,Normal attack,1000,TRUE,FALSE
214,Glimmer of Hope,500,FALSE,TRUE
214,Sunlight Burst,1000,TRUE,FALSE
215,Normal attack,1000,TRUE,FALSE
216,Normal attack,800,TRUE,FALSE
216,Recreation Field,800,FALSE,FALSE
216,Corruption Field,800,FALSE,FALSE
217,Normal attack,900,TRUE,FALSE
218,Normal attack,900,TRUE,FALSE
219,Normal attack,800,TRUE,FALSE
220,Soul Link,1000,TRUE,FALSE
221,Normal attack,700,TRUE,FALSE
221,Thermal Boost,200,FALSE,TRUE
222,Soul Link,1000,TRUE,FALSE
223,Normal attack,800,TRUE,FALSE
224,Normal attack,700,TRUE,FALSE
224,Thermal Boost,200,FALSE,TRUE
225,Normal attack,900,TRUE,FALSE
225,Fire Blast,900,TRUE,FALSE
226,Normal attack,900,TRUE,FALSE
226,Fire Blast,900,TRUE,FALSE
227,Normal attack,900,TRUE,FALSE
227,Fire Blast,900,TRUE,FALSE
228,Normal attack,900,TRUE,FALSE
228,Fire Blast,900,TRUE,FALSE
229,Normal attack,900,TRUE,FALSE
229,Fire Blast,900,TRUE,FALSE
230,Normal attack,1200,TRUE,FALSE
230,Release Lightning,1200,TRUE,FALSE
231,Normal attack,1200,TRUE,FALSE
231,Release Lightning,1200,TRUE,FALSE
232,Normal attack,1200,TRUE,FALSE
232,Release Lightning,1200,TRUE,FALSE
233,Normal attack,1200,TRUE,FALSE
233,Release Lightning,1200,TRUE,FALSE
234,Normal attack,1200,TRUE,FALSE
234,Release Lightning,1200,TRUE,FALSE
235,Normal attack,900,TRUE,FALSE
236,Normal attack,900,TRUE,FALSE
237,Normal attack,900,TRUE,FALSE
238,Normal attack,900,TRUE,FALSE
239,Normal attack,900,TRUE,FALSE
240,Normal attack,900,TRUE,FALSE
241,Normal attack,850,TRUE,FALSE
242,Normal attack,900,TRUE,FALSE
242,Thunderous Roar,420,FALSE,FALSE
243,Normal attack,900,TRUE,FALSE
243,Thunderous Roar,420,FALSE,FALSE
244,Normal attack,900,TRUE,FALSE
244,Thunderous Roar,420,FALSE,FALSE
245,Normal attack,900,TRUE,FALSE
245,Thunderous Roar,420,FALSE,FALSE
246,Normal attack,900,TRUE,FALSE
247,Normal attack,900,TRUE,FALSE
247,Thunderous Roar,420,FALSE,FALSE
248,Normal attack,1000,TRUE,FALSE
249,Normal attack,800,TRUE,FALSE
250,Normal attack,800,TRUE,FALSE
251,Normal attack,800,TRUE,FALSE
252,Normal attack,900,TRUE,FALSE
253,Normal attack,950,TRUE,FALSE
253,Thorned!,950,TRUE,FALSE
253,Tranquility,450,FALSE,TRUE
253,Entangling Roots,950,TRUE,FALSE
254,Normal attack,800,TRUE,FALSE
254,Poisonous Skin,200,FALSE,TRUE
255,Normal attack,800,TRUE,FALSE
255,Poisonous Skin,200,FALSE,TRUE
256,Normal attack,800,TRUE,FALSE
256,Poisonous Skin,200,FALSE,TRUE
257,Normal attack,800,TRUE,FALSE
257,Poisonous Skin,200,FALSE,TRUE
258,Normal attack,800,TRUE,FALSE
258,Poisonous Skin,200,FALSE,TRUE
262,Valor's Light,800,TRUE,FALSE
262,Last Line of Defense,400,FALSE,FALSE
262,We Will Not Fall!,400,FALSE,TRUE
263,Normal attack,1200,TRUE,FALSE
263,Lightning Surge,1200,TRUE,FALSE
264,Normal attack,1200,TRUE,FALSE
264,Lightning Surge,1200,TRUE,FALSE
265,Normal attack,1200,TRUE,FALSE
265,Lightning Surge,1200,TRUE,FALSE
266,Normal attack,800,TRUE,FALSE
266,Dark Shroud,300,FALSE,TRUE
267,Normal attack,800,TRUE,FALSE
267,Arcane Aura,350,FALSE,TRUE
268,Normal attack,900,TRUE,FALSE
269,Normal attack,900,TRUE,FALSE
270,Normal attack,900,TRUE,FALSE
271,Normal attack,900,TRUE,FALSE
272,Normal attack,840,TRUE,FALSE
273,Normal attack,840,TRUE,FALSE
274,Normal attack,840,TRUE,FALSE
275,Normal attack,840,TRUE,FALSE
276,Normal attack,840,TRUE,FALSE
277,Normal attack,800,TRUE,FALSE
278,Normal attack,865,TRUE,FALSE
279,Normal attack,865,TRUE,FALSE
280,Normal attack,865,TRUE,FALSE
281,Normal attack,865,TRUE,FALSE
282,Normal attack,900,TRUE,FALSE
283,Normal attack,900,TRUE,FALSE
284,Normal attack,900,TRUE,FALSE
285,Normal attack,900,TRUE,FALSE
286,Normal attack,950,TRUE,FALSE
287,Normal attack,1000,TRUE,FALSE
288,Normal attack,1200,TRUE,FALSE
288,Lightning Charge,250,FALSE,TRUE
289,Normal attack,1200,TRUE,FALSE
289,Lightning Charge,250,FALSE,TRUE
290,Normal attack,800,TRUE,FALSE
291,Normal attack,800,TRUE,FALSE
292,Normal attack,800,TRUE,FALSE
293,Normal attack,800,TRUE,FALSE
294,Normal attack,1200,TRUE,FALSE
294,Stim,1200,FALSE,FALSE
295,Normal attack,850,TRUE,FALSE
295,Demonic Edict,400,FALSE,TRUE
295,Impenetrable Darkness,850,TRUE,FALSE
296,Normal attack,800,TRUE,FALSE
296,Moonlight,800,TRUE,TRUE
297,Normal attack,1100,TRUE,FALSE
297,Moonlight,1100,TRUE,TRUE
298,Normal attack,950,TRUE,FALSE
298,Initiative,900,TRUE,FALSE
299,Normal attack,950,TRUE,FALSE
299,Initiative,900,TRUE,FALSE
300,Normal attack,950,TRUE,FALSE
300,Initiative,1400,TRUE,FALSE
301,Normal attack,850,TRUE,FALSE
302,Normal attack,850,TRUE,FALSE
303,Normal attack,1100,TRUE,FALSE
303,Strong Wind,900,TRUE,TRUE
304,Normal attack,1100,TRUE,FALSE
305,Normal attack,800,TRUE,FALSE
306,Dimensional Distortion Field,800,TRUE,FALSE
306,Distortion Flux Collector hidden aura,2150,TRUE,TRUE
306,Dimensional Link,800,FALSE,FALSE
307,Normal attack,1050,TRUE,FALSE
308,Normal attack,800,TRUE,FALSE
309,Normal attack,800,TRUE,FALSE
310,Normal attack,800,TRUE,FALSE
311,Normal attack,800,TRUE,FALSE
312,Normal attack,1100,TRUE,FALSE
313,Normal attack,1100,TRUE,FALSE
314,Normal attack,1100,TRUE,FALSE
315,Normal attack,1100,TRUE,FALSE
316,Normal attack,1100,TRUE,FALSE
317,Normal attack,875,TRUE,FALSE
317,Withering Presence,900,TRUE,FALSE
317,Will of the Undying,900,TRUE,FALSE
318,Normal attack,1050,TRUE,FALSE
319,Normal attack,900,TRUE,FALSE
319,Morphling Strike,900,TRUE,FALSE
320,Normal attack,800,TRUE,FALSE
320,Battery Overload,1200,TRUE,FALSE
321,Normal attack,800,TRUE,FALSE
321,Battery Overload,1200,TRUE,FALSE
322,Normal attack,800,TRUE,FALSE
322,Battery Overload,1200,TRUE,FALSE
323,Normal attack,1100,TRUE,FALSE
324,Normal attack,1050,TRUE,FALSE
325,Normal attack,950,TRUE,FALSE
325,Activate Trap,950,TRUE,FALSE
326,Normal attack,1200,TRUE,FALSE
326,Thunder Shock,1200,TRUE,FALSE
327,Normal attack,1200,TRUE,FALSE
327,Thunder Shock,1200,TRUE,FALSE
328,Normal attack,1200,TRUE,FALSE
328,Thunder Shock,1200,TRUE,FALSE
329,Normal attack,1200,TRUE,FALSE
329,Lightning Surge,1200,TRUE,FALSE
330,Normal attack,760,TRUE,FALSE
331,Normal attack,800,TRUE,FALSE
331,Battery Overload,1200,TRUE,FALSE
332,Normal attack,800,TRUE,FALSE
332,Battery Overload,1200,TRUE,FALSE
333,Normal attack,1050,TRUE,FALSE
334,Normal attack,800,TRUE,FALSE
334,Battery Overload,1200,TRUE,FALSE
335,Normal attack,850,TRUE,FALSE
335,Blood Spill,200,FALSE,FALSE
335,Sacrifice,500,FALSE,FALSE
336,Normal attack,850,TRUE,FALSE
336,Blood Spill,200,FALSE,FALSE
336,Sacrifice,500,FALSE,FALSE
337,Normal attack,800,TRUE,FALSE
338,Normal attack,800,TRUE,FALSE
339,Normal attack,800,TRUE,FALSE
340,Normal attack,800,TRUE,FALSE
341,Normal attack,1000,TRUE,FALSE
342,Normal attack,1000,TRUE,FALSE
343,Normal attack,1000,TRUE,FALSE
344,Normal attack,1050,TRUE,FALSE
345,Normal attack,800,TRUE,FALSE
345,Battery Overload,1200,TRUE,FALSE
346,Normal attack,800,TRUE,FALSE
346,Battery Overload,1200,TRUE,FALSE
347,Normal attack,800,TRUE,FALSE
347,Battery Overload,1200,TRUE,FALSE
348,Normal attack,800,TRUE,FALSE
348,Battery Overload,1200,TRUE,FALSE
349,Normal attack,800,TRUE,FALSE
349,Battery Overload,1200,TRUE,FALSE
350,Normal attack,800,TRUE,FALSE
350,Battery Overload,1200,TRUE,FALSE
351,Normal attack,800,TRUE,FALSE
351,Battery Overload,1200,TRUE,FALSE
352,Normal attack,800,TRUE,FALSE
352,Battery Overload,1200,TRUE,FALSE
353,Normal attack,800,TRUE,FALSE
353,Battery Overload,1200,TRUE,FALSE
354,Normal attack,1050,TRUE,FALSE
355,Normal attack,850,TRUE,FALSE
356,Normal attack,850,TRUE,FALSE
357,Normal attack,800,TRUE,FALSE
357,Battery Overload,1200,TRUE,FALSE
358,Normal attack,800,TRUE,FALSE
358,Battery Overload,1200,TRUE,FALSE
359,Normal attack,800,TRUE,FALSE
359,Battery Overload,1200,TRUE,FALSE
360,Normal attack,1000,TRUE,FALSE
361,Normal attack,1000,TRUE,FALSE
362,Normal attack,1000,TRUE,FALSE
363,Normal attack,1200,TRUE,FALSE
364,Normal attack,900,TRUE,FALSE
364,Soul Chill,900,TRUE,FALSE
365,Normal attack,900,TRUE,FALSE
365,Soul Chill,900,TRUE,FALSE
366,Normal attack,900,TRUE,FALSE
366,Soul Chill,900,TRUE,FALSE
367,Normal attack,900,TRUE,FALSE
367,Soul Chill,900,TRUE,FALSE
368,Normal attack,900,TRUE,FALSE
368,Soul Chill,900,TRUE,FALSE
369,Normal attack,950,TRUE,FALSE
369,Mana Distortion Field,200,FALSE,TRUE
370,Normal attack,950,TRUE,FALSE
370,Mana Distortion Field,200,FALSE,TRUE
371,Normal attack,950,TRUE,FALSE
371,Mana Distortion Field,200,FALSE,TRUE
372,Normal attack,900,TRUE,FALSE
372,Blood of Ymir,900,TRUE,FALSE
372,Flesh of Ymir,0,FALSE,TRUE
373,Normal attack,800,TRUE,FALSE
373,Probability Field Emitter,500,FALSE,FALSE
373,Clockwork Engineer,500,FALSE,FALSE
374,Normal attack,1000,TRUE,FALSE
375,Normal attack,1100,TRUE,FALSE
375,Love Potion,1100,TRUE,FALSE
376,Normal attack,1200,TRUE,FALSE
377,Normal attack,900,TRUE,FALSE
377,Mystical Trance,500,FALSE,FALSE
378,Normal attack,980,TRUE,FALSE
379,Normal attack,1200,TRUE,FALSE
380,Normal attack,1000,TRUE,FALSE
381,Normal attack,980,TRUE,FALSE
382,Normal attack,980,TRUE,FALSE
383,Normal attack,980,TRUE,FALSE
384,Normal attack,1200,TRUE,FALSE
385,Normal attack,850,TRUE,FALSE
386,Normal attack,900,TRUE,FALSE
386,Strike the Unprepared,175,FALSE,TRUE
387,Normal attack,850,TRUE,FALSE
388,Normal attack,850,TRUE,FALSE
389,Normal attack,850,TRUE,FALSE
390,Normal attack,850,TRUE,FALSE
391,Steam Power,450,FALSE,TRUE
392,Normal attack,900,TRUE,FALSE
392,Bloody Experience,250,FALSE,TRUE
392,Bloodlust,500,FALSE,FALSE
393,Normal attack,900,TRUE,FALSE
393,Bloody Experience,300,FALSE,TRUE
393,Bloodlust,500,FALSE,FALSE
394,Normal attack,900,TRUE,FALSE
394,Bloody Experience,350,FALSE,TRUE
394,Bloodlust,500,FALSE,FALSE
395,Normal attack,1200,TRUE,FALSE
396,Normal attack,900,TRUE,FALSE
396,Nature's Gift,500,FALSE,FALSE
397,Normal attack,900,TRUE,FALSE
397,Nature's Gift,500,FALSE,FALSE
398,Normal attack,900,TRUE,FALSE
398,Nature's Gift,500,FALSE,FALSE
399,Normal attack,1200,TRUE,FALSE
399,Conduit,350,FALSE,TRUE
399,Unleash,1200,TRUE,FALSE
400,Normal attack,900,TRUE,FALSE
401,Normal attack,1000,TRUE,FALSE
401,Helicopter Zone,1000,TRUE,FALSE
401,Targeted Run,1000,TRUE,FALSE
402,Normal attack,900,TRUE,FALSE
403,Normal attack,900,TRUE,FALSE
404,Normal attack,1200,TRUE,FALSE
405,Normal attack,750,TRUE,FALSE
406,Normal attack,750,TRUE,FALSE
407,Normal attack,750,TRUE,FALSE
408,Normal attack,750,TRUE,FALSE
409,Normal attack,750,TRUE,FALSE
410,Normal attack,750,TRUE,FALSE
411,Normal attack,600,TRUE,FALSE
411,Rare Breed,110,FALSE,FALSE
412,Normal attack,600,TRUE,FALSE
412,Rare Breed,110,FALSE,FALSE
413,Normal attack,600,TRUE,FALSE
413,Rare Breed,110,FALSE,FALSE
414,Normal attack,2000,TRUE,FALSE
414,Soul Storm,600,FALSE,FALSE
415,Normal attack,1300,TRUE,FALSE
415,Realm of Thunder,1300,TRUE,TRUE
416,Normal attack,1300,TRUE,FALSE
416,Realm of Thunder,1300,TRUE,TRUE
417,Normal attack,850,TRUE,FALSE
418,Normal attack,850,TRUE,FALSE
419,Normal attack,850,TRUE,FALSE
420,Normal attack,850,TRUE,FALSE
421,Normal attack,900,TRUE,FALSE
422,Normal attack,900,TRUE,FALSE
423,Normal attack,900,TRUE,FALSE
424,Normal attack,900,TRUE,FALSE
425,Normal attack,700,TRUE,FALSE
426,Normal attack,1000,TRUE,FALSE
426,Feed the Drakes,1000,TRUE,FALSE
427,Normal attack,900,TRUE,FALSE
427,Knowledge,600,FALSE,FALSE
428,Normal attack,900,TRUE,FALSE
428,Knowledge,600,FALSE,FALSE
429,Normal attack,900,TRUE,FALSE
429,Knowledge,600,FALSE,FALSE
430,Normal attack,900,TRUE,FALSE
430,Knowledge,600,FALSE,FALSE
431,Normal attack,900,TRUE,FALSE
431,Knowledge,600,FALSE,FALSE
432,Normal attack,900,TRUE,FALSE
432,Knowledge,600,FALSE,FALSE
433,Normal attack,1000,TRUE,FALSE
433,Evil Device,350,FALSE,TRUE
433,Awaken,900,FALSE,FALSE
434,Normal attack,1000,TRUE,FALSE
434,Flames of the Forge,350,FALSE,TRUE
434,Intense Heat,1000,TRUE,FALSE
435,Normal attack,1000,TRUE,FALSE
435,Glaivesaw,1000,TRUE,FALSE
436,Normal attack,1200,TRUE,FALSE
437,Normal attack,1000,TRUE,FALSE
437,Shattering Barrage,1000,TRUE,FALSE
438,Normal attack,1200,TRUE,FALSE
438,Tentacle Attack,1200,TRUE,FALSE
439,Normal attack,840,TRUE,FALSE
440,Normal attack,1200,TRUE,FALSE
441,Normal attack,700,TRUE,FALSE
442,Normal attack,700,TRUE,FALSE
443,Normal attack,700,TRUE,FALSE
444,Normal attack,850,TRUE,FALSE
445,Normal attack,1200,TRUE,FALSE
446,Normal attack,1200,TRUE,FALSE
447,Normal attack,1200,TRUE,FALSE
448,Normal attack,1200,TRUE,FALSE
449,Normal attack,700,TRUE,FALSE
450,Normal attack,1600,TRUE,FALSE
451,Normal attack,900,TRUE,FALSE
452,Normal attack,780,TRUE,FALSE
453,Normal attack,775,TRUE,FALSE
453,Vault's Presence,775,TRUE,TRUE
454,Normal attack,720,TRUE,FALSE
455,Normal attack,740,TRUE,FALSE
456,Normal attack,760,TRUE,FALSE
457,Normal attack,800,TRUE,FALSE
458,Normal attack,1000,TRUE,FALSE
459,Normal attack,880,TRUE,FALSE
460,Normal attack,1000,TRUE,FALSE
461,Normal attack,900,TRUE,FALSE
461,Fire of Fury,300,FALSE,TRUE
462,Normal attack,1000,TRUE,FALSE
463,Normal attack,1000,TRUE,FALSE
464,Normal attack,1000,TRUE,FALSE
465,Normal attack,1000,TRUE,FALSE
466,Normal attack,900,TRUE,FALSE
466,Fire of Fury,300,FALSE,TRUE
467,Normal attack,900,TRUE,FALSE
467,Fire of Fury,300,FALSE,TRUE
468,Normal attack,1100,TRUE,FALSE
468,Heat Aura,700,TRUE,TRUE
469,Normal attack,675,TRUE,FALSE
469,Dwarven Polish,550,FALSE,TRUE
470,Normal attack,1600,TRUE,FALSE
471,Normal attack,700,TRUE,FALSE
471,Wolven Tenacity,200,FALSE,TRUE
472,Normal attack,700,TRUE,FALSE
472,Wolven Tenacity,250,FALSE,TRUE
473,Normal attack,700,TRUE,FALSE
473,Wolven Tenacity,300,FALSE,TRUE
474,Normal attack,950,TRUE,FALSE
475,Normal attack,1600,TRUE,FALSE
476,Normal attack,900,TRUE,FALSE
476,Blizzard,900,TRUE,FALSE
477,Normal attack,900,TRUE,FALSE
477,Blizzard,900,TRUE,FALSE
478,Normal attack,900,TRUE,FALSE
478,Blizzard,900,TRUE,FALSE
479,Normal attack,900,TRUE,FALSE
479,Blizzard,900,TRUE,FALSE
480,Divine Knowledge,500,FALSE,FALSE
480,Divine Research,900,TRUE,TRUE
480,Divine Teachings,500,FALSE,FALSE
481,Normal attack,1600,TRUE,FALSE
482,Normal attack,700,TRUE,FALSE
483,Normal attack,700,TRUE,FALSE
484,Normal attack,700,TRUE,FALSE
485,Normal attack,700,TRUE,FALSE
486,Normal attack,700,TRUE,FALSE
487,Normal attack,825,TRUE,FALSE
488,Normal attack,825,TRUE,FALSE
489,Normal attack,1600,TRUE,FALSE
490,Normal attack,825,TRUE,FALSE
491,Normal attack,825,TRUE,FALSE
492,Normal attack,825,TRUE,FALSE
493,Normal attack,950,TRUE,FALSE
494,Normal attack,950,TRUE,FALSE
495,Normal attack,950,TRUE,FALSE
496,Normal attack,950,TRUE,FALSE
497,Normal attack,950,TRUE,FALSE
498,Normal attack,875,TRUE,FALSE
499,Normal attack,875,TRUE,FALSE
500,Normal attack,1600,TRUE,FALSE
501,Normal attack,875,TRUE,FALSE
502,Normal attack,875,TRUE,FALSE
503,Normal attack,875,TRUE,FALSE
504,Normal attack,900,TRUE,FALSE
505,Normal attack,900,TRUE,FALSE
506,Normal attack,900,TRUE,FALSE
507,Normal attack,900,TRUE,FALSE
508,Normal attack,900,TRUE,FALSE
509,Normal attack,850,TRUE,FALSE
510,Normal attack,850,TRUE,FALSE
511,Normal attack,920,TRUE,FALSE
512,Normal attack,850,TRUE,FALSE
513,Normal attack,850,TRUE,FALSE
514,Normal attack,850,TRUE,FALSE
515,Normal attack,800,TRUE,FALSE
516,Normal attack,800,TRUE,FALSE
517,Normal attack,800,TRUE,FALSE
518,Normal attack,800,TRUE,FALSE
519,Normal attack,800,TRUE,FALSE
520,Normal attack,950,TRUE,FALSE
521,Normal attack,950,TRUE,FALSE
522,Normal attack,950,TRUE,FALSE
523,Normal attack,950,TRUE,FALSE
524,Normal attack,900,TRUE,FALSE
524,Burning Mark,500,FALSE,FALSE
525,Normal attack,825,TRUE,FALSE
526,Normal attack,1500,TRUE,FALSE
527,Normal attack,900,TRUE,FALSE
527,Dark Curse,900,TRUE,FALSE
528,Normal attack,900,TRUE,FALSE
528,Dark Curse,900,TRUE,FALSE
529,Normal attack,900,TRUE,FALSE
529,Dark Curse,900,TRUE,FALSE
530,Normal attack,900,TRUE,FALSE
530,Dark Curse,900,TRUE,FALSE
531,Normal attack,825,TRUE,FALSE
532,Normal attack,800,TRUE,FALSE
533,Normal attack,800,TRUE,FALSE
534,Normal attack,800,TRUE,FALSE
535,Normal attack,800,TRUE,FALSE
536,Normal attack,800,TRUE,FALSE
537,Normal attack,850,TRUE,FALSE
538,Normal attack,800,TRUE,FALSE
538,Green Dragon Force,200,FALSE,TRUE
539,Normal attack,600,TRUE,FALSE
540,Normal attack,600,TRUE,FALSE
541,Normal attack,600,TRUE,FALSE
542,Normal attack,960,TRUE,FALSE
543,Normal attack,1000,TRUE,FALSE
543,Frost,1100,TRUE,TRUE
544,Normal attack,700,TRUE,FALSE
545,Normal attack,700,TRUE,FALSE
546,Normal attack,700,TRUE,FALSE
547,Normal attack,700,TRUE,FALSE
548,Normal attack,700,TRUE,FALSE
549,Normal attack,850,TRUE,FALSE
550,Normal attack,850,TRUE,FALSE
551,Normal attack,1000,TRUE,FALSE
552,Normal attack,1000,TRUE,FALSE
553,Normal attack,1000,TRUE,FALSE
554,Normal attack,900,TRUE,FALSE
555,Normal attack,800,TRUE,FALSE
556,Normal attack,1200,TRUE,FALSE
556,Golden Influence,400,FALSE,FALSE
557,Normal attack,1200,TRUE,FALSE
557,Golden Influence,400,FALSE,FALSE
558,Normal attack,800,TRUE,FALSE
559,Normal attack,800,TRUE,FALSE
560,Normal attack,800,TRUE,FALSE
561,Normal attack,1000,TRUE,FALSE
561,Extract Experience,1000,TRUE,FALSE
562,Normal attack,1000,TRUE,FALSE
562,Frost,800,TRUE,TRUE
563,Normal attack,775,TRUE,FALSE
563,Mortal Coil,350,FALSE,TRUE
564,Normal attack,775,TRUE,FALSE
564,Mortal Coil,350,FALSE,TRUE
565,Normal attack,1000,TRUE,FALSE
566,Normal attack,900,TRUE,FALSE
567,Normal attack,900,TRUE,FALSE
568,Normal attack,900,TRUE,FALSE
569,Normal attack,775,TRUE,FALSE
569,Mortal Coil,350,FALSE,TRUE
570,Normal attack,950,TRUE,FALSE
571,Normal attack,1100,TRUE,FALSE
572,Normal attack,1100,TRUE,FALSE
573,Normal attack,1100,TRUE,FALSE
574,Normal attack,1100,TRUE,FALSE
575,Normal attack,850,TRUE,FALSE
575,Attraction,500,FALSE,FALSE
576,Normal attack,1000,TRUE,FALSE
576,Energetic Field,1000,TRUE,TRUE
576,Magnetic Surge,1000,TRUE,FALSE
577,Normal attack,1000,TRUE,FALSE
577,Cleansing Water,200,FALSE,TRUE
577,Replenish,500,FALSE,FALSE
578,Normal attack,1000,TRUE,FALSE
578,Cleansing Water,200,FALSE,TRUE
578,Replenish,500,FALSE,FALSE
579,Normal attack,1000,TRUE,FALSE
579,Cleansing Water,200,FALSE,TRUE
579,Replenish,500,FALSE,FALSE
580,Normal attack,800,TRUE,FALSE
581,Normal attack,800,TRUE,FALSE
582,Normal attack,800,TRUE,FALSE
583,Normal attack,800,TRUE,FALSE
584,Normal attack,800,TRUE,FALSE
585,Normal attack,800,TRUE,FALSE
586,Normal attack,900,TRUE,FALSE
587,Normal attack,1000,TRUE,FALSE
588,Normal attack,900,TRUE,FALSE
589,Normal attack,900,TRUE,FALSE
590,Normal attack,1000,TRUE,FALSE
591,Normal attack,950,TRUE,FALSE
592,Normal attack,950,TRUE,FALSE
593,Normal attack,950,TRUE,FALSE
594,Normal attack,950,TRUE,FALSE
595,Normal attack,950,TRUE,FALSE
596,Normal attack,2400,TRUE,FALSE
597,Normal attack,1000,TRUE,FALSE
598,Normal attack,1000,TRUE,FALSE
599,Normal attack,1000,TRUE,FALSE
600,Normal attack,1000,TRUE,FALSE
601,Normal attack,850,TRUE,FALSE
602,Normal attack,850,TRUE,FALSE
603,Normal attack,850,TRUE,FALSE
604,Normal attack,800,TRUE,FALSE
604,Ancient Magic,500,FALSE,TRUE
605,Normal attack,800,TRUE,FALSE
605,Ancient Magic,500,FALSE,TRUE
606,Normal attack,800,TRUE,FALSE
606,Ancient Magic,500,FALSE,TRUE
607,Normal attack,875,TRUE,FALSE
607,Gift of Nature,175,FALSE,TRUE
608,Normal attack,900,TRUE,FALSE
608,Treasure Seeker,300,FALSE,TRUE
609,Normal attack,900,TRUE,FALSE
609,Treasure Seeker,300,FALSE,TRUE
610,Normal attack,900,TRUE,FALSE
610,Treasure Seeker,300,FALSE,TRUE
611,Normal attack,900,TRUE,FALSE
611,Treasure Seeker,300,FALSE,TRUE
612,Normal attack,850,TRUE,FALSE
613,Normal attack,850,TRUE,FALSE
614,Normal attack,850,TRUE,FALSE
615,Normal attack,850,TRUE,FALSE
616,Normal attack,850,TRUE,FALSE
617,Normal attack,960,TRUE,FALSE
618,Normal attack,960,TRUE,FALSE
619,Normal attack,960,TRUE,FALSE
620,Normal attack,960,TRUE,FALSE
621,Normal attack,960,TRUE,FALSE
622,Normal attack,1000,TRUE,FALSE
623,Normal attack,950,TRUE,FALSE
623,Activate Trap,950,TRUE,FALSE
624,Normal attack,950,TRUE,FALSE
624,Activate Trap,950,TRUE,FALSE
625,Normal attack,950,TRUE,FALSE
625,Activate Trap,950,TRUE,FALSE
626,Normal attack,950,TRUE,FALSE
626,Activate Trap,950,TRUE,FALSE
627,Normal attack,1000,TRUE,FALSE
628,Normal attack,1000,TRUE,FALSE
629,Normal attack,1000,TRUE,FALSE
630,Normal attack,900,TRUE,FALSE
631,Normal attack,800,TRUE,FALSE
631,Revenge of Souls,1000,TRUE,TRUE
632,Normal attack,800,TRUE,FALSE
632,Revenge of Souls,1000,TRUE,TRUE
633,Normal attack,800,TRUE,FALSE
633,Revenge of Souls,1000,TRUE,TRUE
634,Normal attack,950,TRUE,FALSE
635,Normal attack,950,TRUE,FALSE
636,Normal attack,950,TRUE,FALSE
637,Normal attack,950,TRUE,FALSE
638,Normal attack,1050,TRUE,FALSE
639,Normal attack,1050,TRUE,FALSE
640,Normal attack,1050,TRUE,FALSE
641,Normal attack,1050,TRUE,FALSE
642,Normal attack,1050,TRUE,FALSE
643,Normal attack,1050,TRUE,FALSE
644,Normal attack,950,TRUE,FALSE
644,Nova Storm,900,TRUE,FALSE
645,Normal attack,1150,TRUE,FALSE
645,Army of the Damned,1150,TRUE,FALSE
646,Normal attack,950,TRUE,FALSE
646,Nova Storm,900,TRUE,FALSE
647,Normal attack,950,TRUE,FALSE
647,Nova Storm,900,TRUE,FALSE
648,Normal attack,900,TRUE,FALSE
649,Normal attack,800,TRUE,FALSE
649,King's Authority,900,TRUE,TRUE
650,Normal attack,2000,TRUE,FALSE
651,Normal attack,700,TRUE,FALSE
652,Normal attack,800,TRUE,FALSE
652,Eden's Wrath,800,TRUE,FALSE
653,Normal attack,900,TRUE,FALSE
654,Normal attack,800,TRUE,FALSE
655,Normal attack,800,TRUE,FALSE
656,Normal attack,800,TRUE,FALSE
657,Normal attack,800,TRUE,FALSE
658,Normal attack,800,TRUE,FALSE
659,Normal attack,800,TRUE,FALSE
660,Normal attack,800,TRUE,FALSE
661,Normal attack,800,TRUE,FALSE
662,Normal attack,1400,TRUE,FALSE
663,Normal attack,1400,TRUE,FALSE
664,Normal attack,1400,TRUE,FALSE
665,Normal attack,1400,TRUE,FALSE
666,Normal attack,750,TRUE,FALSE
666,For the God,600,FALSE,FALSE
667,Normal attack,750,TRUE,FALSE
667,For the God,600,FALSE,FALSE
668,Normal attack,2000,TRUE,FALSE
669,Normal attack,2000,TRUE,FALSE
670,Normal attack,2000,TRUE,FALSE
671,Normal attack,2000,TRUE,FALSE
672,Normal attack,2000,TRUE,FALSE
673,Normal attack,825,TRUE,FALSE
674,Normal attack,825,TRUE,FALSE
675,Normal attack,825,TRUE,FALSE
676,Normal attack,825,TRUE,FALSE
677,Normal attack,825,TRUE,FALSE
678,Normal attack,825,TRUE,FALSE
679,Normal attack,950,TRUE,FALSE
680,Normal attack,950,TRUE,FALSE
681,Normal attack,950,TRUE,FALSE
682,Normal attack,950,TRUE,FALSE
683,Normal attack,900,TRUE,FALSE
684,Normal attack,760,TRUE,FALSE
685,Normal attack,760,TRUE,FALSE
686,Normal attack,760,TRUE,FALSE
687,Normal attack,1000,TRUE,FALSE
688,Normal attack,1000,TRUE,FALSE
991,Normal attack,900,TRUE,FALSE
991,Embers,300,FALSE,FALSE
992,Normal attack,900,TRUE,FALSE
992,Embers,300,FALSE,FALSE
993,Normal attack,900,TRUE,FALSE
993,Embers,300,FALSE,FALSE
994,Normal attack,900,TRUE,FALSE
994,Embers,300,FALSE,FALSE
